Music,Slow_songs_or_fast_songs,Pop,Rock,Hiphop_Rap,Latino,Techno_Trance,Comedy,Romantic,Sci-fi,Animated,Action,Finances,Shopping_centres,Entertainment_spending,Spending_on_looks,Spending_on_gadgets,Age,Gender,Education,Village-town,Only_child,House-block of flats,Height,Weight,Number_of_siblings,Dance,Folk,Country,Classical_music,Musical,Metal_or_Hardrock,Punk,Opera,Movies,Horror,Thriller
5,3,5,5,1,1,1,5,4,4,5,2,3,4,3,3,1,20,female,college/bachelor degree,village,no,block of flats,163,48,1,2,1,2,2,1,1,1,1,5,4,2
4,4,3,5,1,2,1,4,3,4,5,4,3,4,4,2,5,19,female,college/bachelor degree,city,no,block of flats,163,58,2,2,1,1,1,2,4,4,1,5,2,2
5,5,3,5,1,5,1,4,2,4,5,1,2,4,4,3,4,20,female,secondary school,city,no,block of flats,176,67,2,2,2,3,4,5,3,4,3,5,3,4
5,3,5,3,5,4,2,5,2,3,4,4,4,3,3,3,2,20,female,secondary school,village,no,house/bungalow,170,59,1,4,3,2,4,3,1,2,2,5,4,4
5,3,2,5,4,3,1,5,2,3,3,4,2,3,3,1,4,20,male,secondary school,city,no,block of flats,186,77,1,2,3,2,3,3,5,3,3,5,5,5
5,5,5,3,3,3,5,5,3,1,5,2,4,3,3,4,1,20,female,secondary school,village,no,house/bungalow,177,50,1,5,3,1,2,2,1,1,2,4,2,1
5,3,4,5,3,2,3,5,2,3,4,3,3,4,4,4,3,19,male,college/bachelor degree,city,no,house/bungalow,184,90,1,3,2,1,2,2,1,2,2,5,4,4
5,3,3,5,2,5,1,5,5,1,4,2,4,4,2,3,2,19,female,secondary school,city,no,block of flats,174,60,3,2,5,2,2,5,2,3,2,5,2,1
5,3,4,3,3,3,4,5,3,3,5,3,2,4,3,4,2,19,female,secondary school,city,no,block of flats,175,60,2,3,2,1,2,3,2,1,2,5,5,4
5,3,2,5,1,2,1,4,3,2,5,4,2,2,3,1,1,17,female,primary school,city,no,block of flats,176,60,1,1,1,1,4,1,1,1,2,5,3,4
5,3,3,5,3,2,1,4,3,1,3,1,4,1,2,3,2,24,female,college/bachelor degree,city,no,block of flats,168,55,10,1,2,1,4,3,4,2,2,5,1,5
5,3,5,2,2,3,1,5,5,2,4,3,3,5,3,4,3,19,female,secondary school,city,no,block of flats,165,55,1,5,3,2,1,5,1,1,1,5,3,2
5,3,4,5,3,1,1,5,4,1,5,4,5,3,5,5,1,22,female,college/bachelor degree,city,no,block of flats,175,57,1,2,1,1,2,3,2,5,1,4,1,3
5,3,4,4,2,1,4,5,3,2,2,2,3,4,3,3,3,19,female,college/bachelor degree,city,no,block of flats,175,65,2,3,1,1,1,2,1,3,1,5,3,3
5,3,5,4,4,4,4,5,4,5,4,5,4,2,4,4,5,18,male,secondary school,city,no,house/bungalow,181,78,2,5,4,3,4,5,4,3,3,5,2,4
5,4,2,4,1,4,3,4,2,3,4,5,2,3,4,3,3,18,male,secondary school,city,no,house/bungalow,188,90,1,3,3,2,4,2,5,2,2,3,1,4
5,3,2,5,4,3,3,5,3,3,3,4,2,3,2,2,4,20,male,secondary school,city,no,block of flats,186,77,1,3,2,3,4,3,5,4,4,5,5,5
5,5,2,5,1,2,1,5,2,5,4,5,2,1,1,1,2,24,male,secondary school,city,no,block of flats,186,85,1,1,1,3,2,2,5,4,2,5,5,5
5,3,4,5,3,4,1,5,5,4,5,2,2,3,3,4,2,20,female,secondary school,city,no,block of flats,168,54,3,4,2,2,2,4,2,3,1,5,2,4
5,2,3,5,1,2,3,5,5,2,2,4,3,5,4,5,5,19,female,secondary school,city,no,block of flats,167,51,1,3,1,1,4,3,5,5,4,5,4,2
5,3,5,1,3,4,2,5,5,1,3,1,2,5,3,3,1,20,female,secondary school,city,yes,block of flats,170,56,1,4,2,1,2,3,1,1,1,5,1,2
5,5,4,4,2,5,2,5,4,2,5,1,5,4,4,4,4,22,female,college/bachelor degree,city,no,house/bungalow,165,63,1,5,5,4,5,3,3,2,2,5,3,2
5,3,3,4,5,2,3,5,3,1,4,4,3,4,3,4,1,20,male,secondary school,village,yes,house/bungalow,187,80,2,5,1,1,1,1,1,3,1,5,3,3
5,4,3,4,3,4,3,5,5,2,5,2,4,3,4,3,2,19,female,secondary school,village,no,block of flats,168,60,2,3,4,2,3,3,1,3,2,5,3,2
4,3,4,4,4,3,3,4,3,4,3,5,2,3,4,4,4,25,male,secondary school,city,no,block of flats,183,87,1,4,3,3,3,3,2,2,3,5,2,5
4,3,5,3,3,5,1,5,5,2,5,1,4,3,2,2,2,22,female,secondary school,city,no,block of flats,177,80,1,4,1,3,2,3,1,1,2,4,1,1
5,5,3,4,4,2,3,5,5,2,5,4,1,3,4,5,1,20,female,secondary school,city,no,block of flats,158,46,4,3,1,3,2,3,3,4,1,5,5,5
5,4,4,3,1,2,1,4,3,1,4,3,2,2,1,1,2,27,female,masters degree,city,no,block of flats,170,70,1,2,2,3,4,5,1,1,5,4,3,4
5,4,4,5,2,2,1,5,4,4,5,5,3,3,3,3,1,20,male,college/bachelor degree,city,no,block of flats,177,67,5,3,2,1,3,4,3,4,1,5,2,3
5,3,5,3,4,5,1,5,5,3,1,5,3,5,5,3,1,19,female,secondary school,village,no,house/bungalow,170,72,1,3,3,1,4,5,1,1,1,5,1,2
5,3,4,4,1,1,1,4,4,4,5,5,5,4,4,3,2,18,female,secondary school,city,no,block of flats,173,65,1,1,3,2,3,4,1,1,4,5,3,5
5,5,5,4,4,3,4,5,5,3,5,5,5,5,1,1,1,23,female,secondary school,village,no,house/bungalow,168,60,1,5,3,1,5,2,1,2,4,5,1,4
5,3,5,5,1,1,2,5,5,3,5,3,3,5,1,3,3,21,female,secondary school,city,no,house/bungalow,155,46,1,3,3,2,2,3,4,4,2,4,5,5
4,3,5,1,3,2,3,5,3,2,2,5,3,5,1,5,2,26,female,secondary school,city,no,block of flats,172,62,1,4,1,1,1,1,1,1,1,5,1,5
5,4,1,4,5,5,5,5,1,5,1,5,3,1,1,1,1,20,male,college/bachelor degree,city,no,block of flats,188,80,3,5,5,5,5,1,5,1,1,3,1,5
5,5,5,5,3,3,3,5,5,5,5,5,5,4,2,2,4,19,female,secondary school,city,yes,block of flats,170,90,0,2,2,2,3,4,4,4,1,5,4,4
5,4,5,4,3,3,3,5,4,3,5,4,3,5,5,5,5,20,female,college/bachelor degree,city,no,block of flats,163,55,1,3,1,1,2,2,1,2,1,5,1,1
4,4,4,4,3,5,4,5,4,3,4,3,4,4,3,5,3,25,female,masters degree,village,no,block of flats,170,67,1,4,2,1,3,3,1,1,3,5,3,4
5,4,3,2,5,4,2,3,2,2,2,2,4,4,3,3,3,20,female,secondary school,village,yes,house/bungalow,171,70,1,3,1,1,1,4,1,2,1,3,2,2
5,4,3,5,3,1,2,5,3,3,3,4,4,5,3,3,5,20,female,primary school,city,no,block of flats,157,41,1,2,1,2,2,2,3,5,1,5,3,4
4,3,5,5,4,5,1,5,4,2,4,5,4,2,2,4,2,19,female,college/bachelor degree,city,no,block of flats,175,60,2,2,4,2,5,5,2,4,2,5,1,5
5,3,5,5,5,5,2,5,5,5,5,5,1,1,1,5,1,21,female,secondary school,village,no,block of flats,160,58,2,5,5,5,5,5,4,2,5,5,5,5
5,3,4,3,3,5,2,5,5,1,3,5,3,5,3,1,2,18,female,secondary school,city,no,block of flats,164,51,4,4,4,3,4,5,2,2,5,5,3,3
5,3,5,5,3,5,4,5,5,5,5,5,3,2,2,4,3,21,female,college/bachelor degree,city,no,block of flats,160,57,2,5,5,3,5,5,4,3,5,5,5,5
5,3,4,3,4,4,5,3,3,2,4,3,5,3,3,4,3,23,female,college/bachelor degree,village,no,house/bungalow,165,45,1,4,2,2,4,3,3,2,3,5,2,4
5,3,2,5,2,1,1,5,3,5,5,4,5,3,5,5,2,21,female,secondary school,city,no,block of flats,157,45,1,3,3,2,3,2,2,2,2,5,4,4
5,4,3,4,3,1,4,3,3,4,2,3,1,4,3,2,2,22,male,college/bachelor degree,city,no,block of flats,178,74,1,2,1,2,3,1,3,5,3,5,5,3
5,2,4,4,2,2,1,4,4,4,2,4,5,1,3,1,1,23,male,college/bachelor degree,city,no,block of flats,175,72,1,2,2,2,4,4,1,3,3,5,1,4
5,3,4,4,3,4,4,5,5,5,4,4,2,5,4,4,4,23,male,secondary school,city,no,block of flats,165,56,1,5,1,2,4,3,1,2,3,5,3,4
5,3,5,4,5,4,5,5,1,5,5,5,3,3,3,3,2,23,male,secondary school,city,no,block of flats,189,81,2,5,4,5,4,4,5,4,5,5,4,5
5,3,4,5,2,3,2,5,5,1,5,2,1,5,5,5,5,18,female,primary school,city,yes,block of flats,180,52,0,3,1,1,1,4,1,3,2,5,2,1
4,3,3,3,4,2,4,5,3,5,4,5,1,2,5,3,5,17,male,primary school,city,yes,block of flats,185,84,1,3,1,2,2,1,3,2,2,5,5,5
4,3,5,3,3,4,5,5,3,5,5,3,3,3,2,2,4,20,male,secondary school,village,no,house/bungalow,183,83,1,4,2,2,2,4,4,3,1,4,3,4
3,4,5,1,4,5,1,5,5,1,1,3,3,3,3,2,1,24,female,college/bachelor degree,village,yes,house/bungalow,160,58,0,4,3,2,2,4,1,1,1,5,3,3
5,5,3,5,1,2,4,5,4,4,5,3,1,3,4,4,4,18,female,college/bachelor degree,village,no,house/bungalow,162,50,1,3,2,1,2,4,5,5,2,5,1,2
5,3,5,3,5,2,3,5,3,3,3,1,3,3,3,3,3,17,male,secondary school,city,yes,house/bungalow,185,82,1,5,2,2,2,3,1,1,1,5,1,3
4,3,4,1,4,1,3,5,3,1,4,5,4,3,2,2,1,20,male,secondary school,city,yes,block of flats,175,83,1,2,3,1,4,1,1,1,1,4,2,3
5,3,5,2,5,4,3,5,4,3,5,5,3,5,4,4,2,21,male,secondary school,city,yes,house/bungalow,177,80,1,3,2,2,2,1,1,2,1,5,4,4
5,3,2,1,5,1,2,5,1,4,1,5,5,2,1,5,1,22,male,masters degree,city,no,block of flats,190,80,1,2,1,4,5,3,1,1,4,5,1,1
5,3,1,5,3,4,1,5,2,1,2,4,3,4,4,4,4,20,male,secondary school,village,no,house/bungalow,192,77,1,3,4,4,3,1,4,4,2,4,2,3
5,3,5,4,4,5,5,5,3,1,5,4,1,5,4,5,2,21,female,secondary school,city,no,block of flats,175,60,1,5,1,2,2,2,2,1,1,5,1,2
5,3,5,5,5,4,4,5,4,5,5,4,4,4,2,5,2,21,female,secondary school,city,no,house/bungalow,173,63,2,4,4,4,3,4,2,2,4,5,4,4
5,3,4,5,4,5,3,5,4,3,5,3,3,4,2,3,1,19,female,secondary school,city,no,block of flats,163,48,1,4,2,2,2,3,2,3,2,5,5,4
5,4,5,4,4,5,3,5,3,5,4,5,3,1,3,2,3,22,male,secondary school,city,no,block of flats,177,80,1,4,1,2,3,3,2,3,3,5,4,3
5,5,1,5,1,1,1,3,2,4,5,4,3,3,2,3,5,18,female,secondary school,city,no,block of flats,163,47,1,1,3,1,3,2,5,4,3,5,1,2
5,2,3,4,1,2,4,5,4,3,5,3,2,4,4,2,5,22,male,college/bachelor degree,city,no,block of flats,159,53,2,3,3,5,5,3,4,1,3,5,3,3
4,3,4,5,4,2,3,4,1,4,4,5,2,1,2,1,1,24,male,masters degree,city,no,block of flats,179,65,3,4,3,3,3,2,3,3,3,5,2,4
5,5,5,5,1,5,5,5,2,2,3,5,1,5,3,2,2,21,female,secondary school,city,yes,block of flats,164,75,0,5,1,1,5,2,1,1,1,5,5,5
5,3,3,5,1,2,1,4,3,2,3,3,4,2,2,3,3,22,female,masters degree,village,no,house/bungalow,156,50,2,3,2,1,4,3,3,3,3,5,1,4
4,2,3,4,1,1,1,5,4,2,5,5,1,3,5,4,3,19,female,secondary school,village,no,house/bungalow,154,58,3,3,2,1,3,4,1,3,1,4,2,2
5,2,2,3,1,3,1,3,4,3,4,3,4,4,2,3,4,19,female,college/bachelor degree,city,yes,block of flats,170,63,0,1,3,4,4,4,1,2,4,5,1,3
5,3,3,3,5,3,2,5,3,5,4,5,1,4,5,4,5,21,male,college/bachelor degree,city,no,house/bungalow,180,75,1,3,2,2,4,3,1,2,2,5,3,3
5,3,2,4,3,1,4,5,1,5,5,2,1,1,5,1,4,19,male,college/bachelor degree,city,no,block of flats,182,81,1,1,1,1,1,1,5,4,1,2,1,1
5,3,2,1,5,1,2,5,3,5,5,5,2,1,5,1,5,19,male,primary school,village,no,block of flats,200,75,1,2,1,1,1,1,1,1,1,5,2,3
3,5,3,5,1,5,3,2,2,5,3,5,3,4,3,1,1,22,male,secondary school,village,no,house/bungalow,187,70,1,5,1,1,1,1,2,1,1,3,3,3
5,3,4,2,2,4,1,5,4,2,3,3,4,4,2,2,3,18,female,secondary school,city,no,house/bungalow,162,50,1,4,1,1,2,2,1,3,1,3,2,1
5,4,4,5,4,3,2,5,5,3,5,3,4,4,2,4,3,21,female,secondary school,city,no,block of flats,172,71,1,4,3,2,4,5,3,2,2,5,2,2
5,3,2,4,1,1,1,5,3,4,5,5,2,2,4,2,3,18,male,secondary school,village,no,house/bungalow,194,90,1,1,3,2,3,1,5,4,2,4,1,4
4,4,2,4,3,3,3,4,2,3,4,4,2,2,4,4,2,21,male,secondary school,village,no,block of flats,180,70,1,3,3,2,4,2,4,3,2,4,4,4
5,5,2,4,1,1,1,4,3,1,5,3,4,1,1,2,3,24,male,college/bachelor degree,village,no,house/bungalow,178,74,1,1,3,1,3,2,5,1,2,4,1,2
5,3,4,5,4,5,3,5,5,5,5,4,4,2,3,2,4,19,male,secondary school,city,no,block of flats,182,80,1,4,4,5,5,3,1,2,4,5,2,3
4,3,2,4,2,2,2,5,4,3,4,5,1,3,2,3,3,17,female,primary school,city,no,block of flats,168,61,1,2,2,1,4,1,4,3,3,5,3,5
5,2,3,5,2,3,1,4,2,5,3,5,4,2,4,2,2,18,male,secondary school,city,yes,block of flats,176,65,0,2,2,4,4,2,5,3,4,5,1,4
5,4,4,4,1,4,4,5,3,4,3,4,4,4,3,2,2,21,male,college/bachelor degree,city,no,house/bungalow,185,70,1,4,5,2,3,1,1,1,1,4,1,2
5,3,3,4,3,2,4,4,4,2,4,4,2,2,2,2,3,22,female,college/bachelor degree,village,no,house/bungalow,166,56,1,4,3,2,5,3,2,2,4,4,1,2
5,3,3,3,1,5,4,4,4,3,4,2,4,3,2,3,3,20,female,secondary school,city,no,block of flats,163,54,1,4,2,2,4,3,2,2,1,5,1,3
5,3,4,4,2,1,1,4,3,2,5,4,4,5,3,3,3,19,female,secondary school,city,no,house/bungalow,163,54,1,2,1,1,3,4,1,3,4,5,1,4
5,3,3,5,1,2,1,5,5,3,5,2,3,1,1,2,1,21,female,college/bachelor degree,city,no,block of flats,169,61,1,2,2,2,2,1,1,2,1,4,1,2
5,3,5,3,1,4,1,4,5,2,2,4,3,1,1,2,1,18,female,secondary school,village,no,house/bungalow,165,55,3,2,2,1,1,3,2,1,1,4,1,2
5,3,3,4,2,2,1,3,2,2,2,2,4,2,2,1,2,23,male,college/bachelor degree,city,no,block of flats,175,60,1,1,2,2,4,1,2,4,1,5,3,2
4,2,4,2,2,2,3,4,3,1,3,2,5,1,4,4,2,16,female,secondary school,village,no,house/bungalow,161,54,1,4,2,1,3,2,2,1,2,3,2,3
5,5,2,5,1,4,3,5,4,2,4,5,4,1,3,1,1,23,male,college/bachelor degree,city,yes,block of flats,188,90,0,4,1,2,4,4,5,2,2,3,1,3
4,3,4,4,4,1,3,4,3,3,4,4,2,2,5,1,4,21,male,secondary school,city,no,block of flats,180,85,2,2,3,4,2,1,2,2,1,4,4,4
5,3,1,5,1,3,1,3,2,2,4,5,4,2,3,2,2,23,female,masters degree,city,yes,house/bungalow,156,56,0,3,2,2,5,3,2,4,3,4,4,4
5,3,3,5,3,3,1,4,2,1,4,4,4,1,3,2,2,20,female,secondary school,village,yes,house/bungalow,172,80,0,3,3,3,3,4,3,1,3,3,1,4
5,3,2,4,2,3,2,5,4,4,4,2,3,4,4,4,2,20,female,secondary school,city,no,block of flats,157,54,1,3,3,2,3,2,3,3,2,5,2,3
3,5,4,4,4,1,1,4,4,1,5,4,4,3,1,1,1,20,female,secondary school,village,no,house/bungalow,163,56,2,4,1,1,3,1,1,4,1,3,1,2
4,3,4,4,3,2,3,4,3,4,3,4,2,1,5,2,3,19,female,primary school,city,no,block of flats,177,64,1,3,3,4,4,3,3,3,3,5,2,4
5,5,5,5,2,5,5,3,5,5,5,1,5,5,5,3,2,15,female,primary school,city,no,house/bungalow,173,49,3,5,1,5,5,5,5,1,2,5,1,4
5,4,4,5,2,3,1,4,5,2,5,2,3,4,3,3,3,20,female,secondary school,village,no,house/bungalow,178,75,1,5,3,1,2,2,2,2,1,5,1,1
5,4,4,2,5,1,3,2,1,4,3,5,4,5,3,3,4,18,male,primary school,village,yes,house/bungalow,193,103,2,3,1,1,2,2,1,2,1,5,3,5
5,4,4,4,2,2,1,5,5,5,5,3,5,4,1,2,2,15,female,primary school,village,no,house/bungalow,170,51,1,3,1,1,1,1,1,5,1,5,4,4
5,3,1,3,1,3,1,2,2,1,4,4,2,5,2,2,1,20,female,college/bachelor degree,city,no,house/bungalow,170,50,2,2,4,1,4,2,1,1,3,5,1,1
5,3,3,3,4,4,4,5,5,5,5,4,1,3,5,5,5,16,female,secondary school,village,yes,house/bungalow,170,59,1,4,3,3,3,3,1,1,2,5,5,3
5,3,3,5,3,1,1,5,2,4,3,4,4,3,3,1,4,18,male,secondary school,village,no,block of flats,185,62,1,2,1,3,5,1,4,4,3,4,3,5
5,3,4,3,5,1,1,5,4,3,2,4,3,3,3,2,3,21,male,secondary school,village,no,house/bungalow,185,90,1,4,3,2,3,2,1,1,3,5,4,4
5,4,5,4,5,2,3,5,5,2,4,3,2,4,3,1,4,19,female,college/bachelor degree,village,no,block of flats,168,53,1,5,3,2,3,3,1,2,2,5,3,3
3,4,3,5,4,5,2,5,5,1,5,1,1,3,5,1,1,19,female,primary school,city,yes,block of flats,170,65,1,1,3,1,3,1,5,4,1,3,3,1
5,4,3,5,5,2,1,3,3,4,2,4,4,2,1,1,3,18,male,secondary school,city,no,block of flats,185,83,2,3,2,3,2,2,4,3,1,5,2,3
4,3,5,3,4,3,3,5,5,4,3,4,4,4,3,3,5,20,male,secondary school,village,no,house/bungalow,165,55,3,4,4,4,3,3,2,3,2,4,4,4
5,2,3,5,1,1,1,4,3,4,2,4,3,3,5,3,2,22,female,secondary school,city,no,block of flats,177,61,1,2,2,3,4,4,5,3,4,5,2,4
5,4,2,4,2,2,2,5,2,2,3,4,4,1,4,3,3,20,male,secondary school,city,no,block of flats,180,100,1,3,1,1,3,2,4,4,1,5,4,4
5,3,4,4,4,2,2,5,3,2,3,4,2,1,5,4,1,25,male,college/bachelor degree,city,no,block of flats,170,72,2,5,2,2,3,3,2,1,2,5,5,3
5,3,1,5,2,2,1,5,3,2,1,4,4,1,4,3,4,24,male,college/bachelor degree,city,no,block of flats,185,81,1,1,2,4,5,1,4,4,3,4,4,4
5,4,3,3,3,2,2,3,3,4,4,2,5,5,3,5,4,19,female,secondary school,city,no,block of flats,171,72,1,4,3,3,5,2,2,3,3,4,5,4
5,4,3,5,3,2,1,4,4,3,2,4,4,5,4,4,1,25,male,doctorate degree,city,yes,block of flats,177,97,1,2,4,3,4,2,2,5,2,5,4,4
5,5,4,4,2,1,1,3,2,4,3,4,4,3,2,2,2,26,male,masters degree,village,no,house/bungalow,175,60,2,4,4,4,2,2,4,4,2,5,5,5
5,3,5,4,4,2,5,5,5,4,5,4,2,5,3,5,5,15,female,currently a primary school pupil,village,no,block of flats,160,48,2,4,2,1,3,2,1,3,1,5,4,4
5,3,1,5,3,1,3,5,3,5,4,3,3,1,4,2,2,19,male,secondary school,city,no,block of flats,194,79,1,3,2,1,2,1,4,5,1,5,5,4
5,3,4,5,4,2,3,5,3,5,4,5,3,5,2,4,2,20,female,secondary school,city,yes,house/bungalow,172,73,2,2,2,2,2,2,3,3,2,5,2,5
5,5,4,3,1,1,5,3,3,5,2,3,3,3,4,3,2,22,male,secondary school,city,no,block of flats,184,71,1,3,1,1,2,1,2,1,1,4,5,5
5,4,4,1,5,5,2,5,5,2,2,3,3,5,4,4,2,20,female,college/bachelor degree,city,yes,block of flats,168,60,1,5,2,4,3,1,1,1,1,5,1,1
5,5,1,3,1,2,1,5,3,3,4,4,5,2,4,2,2,21,female,secondary school,city,no,block of flats,161,65,1,1,2,1,3,1,5,2,5,4,4,4
5,4,4,4,3,1,1,5,3,3,4,4,3,5,1,5,5,20,female,secondary school,city,yes,block of flats,180,71,0,4,1,2,4,3,1,3,1,5,5,5
5,3,3,5,1,1,1,2,1,2,5,3,5,2,3,2,2,19,female,secondary school,village,yes,house/bungalow,157,57,2,2,1,2,4,4,4,3,1,5,3,2
5,4,4,4,4,1,1,5,3,3,4,4,3,5,5,5,5,20,male,secondary school,city,yes,block of flats,180,72,0,3,1,2,4,3,1,1,1,5,5,5
5,3,2,5,2,2,1,4,2,5,4,3,4,1,1,1,3,22,male,secondary school,village,no,house/bungalow,191,85,1,2,3,3,4,4,5,5,3,3,3,3
5,3,3,2,2,1,5,5,4,5,4,4,3,4,2,2,5,21,male,secondary school,city,no,block of flats,187,75,1,2,1,2,4,4,1,1,4,5,4,3
5,3,3,5,3,4,2,5,5,1,5,2,5,1,1,1,1,17,female,primary school,city,yes,block of flats,163,61,2,1,1,1,5,3,5,2,1,4,2,4
4,3,2,4,1,2,1,3,2,2,5,3,4,2,3,2,1,20,female,masters degree,city,no,block of flats,160,50,1,1,3,3,5,2,4,3,4,3,3,3
4,3,1,1,1,1,4,4,2,4,5,4,5,3,2,3,3,22,male,secondary school,city,no,block of flats,182,75,1,1,2,2,5,2,2,1,5,4,4,4
5,3,4,5,2,4,1,5,4,3,5,4,2,5,2,4,2,19,female,secondary school,city,yes,house/bungalow,158,47,0,4,3,2,4,4,4,3,5,5,1,4
5,4,2,5,1,1,1,5,2,3,3,1,2,5,2,2,1,21,female,college/bachelor degree,city,yes,house/bungalow,174,85,0,2,2,2,3,4,1,2,2,5,3,3
3,3,3,2,4,5,3,5,5,3,5,3,3,3,1,2,1,19,female,secondary school,city,no,block of flats,167,55,2,3,1,1,2,5,1,1,1,5,1,2
5,3,4,3,1,1,5,4,1,2,2,3,2,1,2,1,1,22,female,college/bachelor degree,city,no,block of flats,183,80,1,1,2,2,2,1,2,2,1,4,2,4
5,3,1,4,1,1,1,4,4,4,3,4,4,3,1,1,3,17,female,primary school,city,no,block of flats,166,54,1,1,3,2,5,3,5,4,4,5,5,5
4,4,2,4,2,2,2,4,4,3,4,2,4,4,2,3,2,16,female,primary school,city,no,block of flats,158,48,1,2,2,2,4,2,5,3,3,4,3,5
5,1,5,4,5,3,4,5,4,3,5,2,5,4,3,5,5,18,female,secondary school,city,no,block of flats,158,65,2,4,1,2,3,3,1,3,1,5,3,3
5,3,1,5,1,1,1,5,5,4,4,4,3,2,3,3,3,26,male,masters degree,city,no,house/bungalow,169,70,2,1,4,3,5,3,5,4,3,5,3,4
5,4,2,4,2,1,1,4,2,4,3,3,3,3,4,4,4,19,male,secondary school,city,no,house/bungalow,183,78,1,1,2,1,3,2,2,4,1,5,3,5
5,3,2,3,5,2,1,5,4,3,2,4,2,4,3,4,4,19,male,secondary school,city,yes,house/bungalow,185,70,1,2,2,2,3,2,1,1,2,4,5,5
5,3,4,4,4,3,3,5,5,4,5,3,4,4,4,4,4,20,female,secondary school,city,yes,block of flats,169,64,0,2,2,2,2,3,3,3,3,5,1,2
5,3,3,5,5,2,2,3,2,3,5,3,1,1,5,2,1,20,male,secondary school,village,no,house/bungalow,186,88,1,3,4,2,2,2,3,5,2,3,5,3
4,3,4,4,5,2,2,5,5,5,4,3,4,3,2,2,3,21,male,secondary school,city,no,block of flats,169,55,2,3,1,2,4,3,4,3,1,5,4,4
5,3,4,5,3,4,3,5,5,3,5,4,3,4,3,4,3,19,female,college/bachelor degree,city,no,block of flats,163,50,1,4,2,2,3,1,3,3,3,5,3,3
5,3,2,5,2,3,1,4,2,5,5,3,3,1,2,2,2,24,female,college/bachelor degree,city,no,house/bungalow,169,51,1,3,3,2,3,3,4,4,2,5,1,2
5,1,4,4,1,4,1,4,4,3,4,1,5,2,3,1,1,19,female,secondary school,city,yes,block of flats,160,53,1,2,4,3,5,5,3,1,5,5,1,1
5,3,3,4,1,1,1,4,1,4,2,5,4,1,1,3,2,25,male,college/bachelor degree,village,no,house/bungalow,184,85,3,5,2,2,5,5,4,3,5,5,5,4
5,3,3,3,2,4,1,5,5,5,5,4,4,3,2,3,1,20,female,college/bachelor degree,city,no,house/bungalow,170,62,1,2,3,3,4,5,1,4,4,5,5,5
5,3,4,4,4,3,1,4,2,3,3,3,1,5,3,4,1,19,female,secondary school,village,no,house/bungalow,170,60,2,3,2,1,3,2,1,5,2,3,3,4
5,4,5,5,5,5,4,5,5,3,1,5,2,5,5,4,3,21,female,secondary school,village,no,house/bungalow,176,55,1,5,1,2,2,5,1,1,1,5,2,5
5,3,2,4,3,1,2,5,3,5,5,5,3,3,4,4,3,20,male,secondary school,city,no,block of flats,170,62,1,1,3,3,5,1,2,3,5,5,5,5
5,4,5,5,4,3,5,5,4,3,5,5,5,4,3,4,5,20,female,secondary school,village,no,house/bungalow,168,69,1,4,2,3,3,4,2,5,2,5,1,3
4,3,3,5,2,3,1,5,2,3,4,4,3,3,2,4,3,18,female,primary school,city,no,block of flats,173,55,3,2,2,2,3,3,4,3,2,5,1,3
5,4,1,4,2,1,2,3,1,1,1,2,3,4,5,5,2,17,female,secondary school,city,yes,block of flats,163,68,0,1,1,1,1,1,5,3,1,4,4,2
5,3,4,3,3,3,2,5,5,3,5,4,3,4,2,2,3,19,female,primary school,village,no,house/bungalow,178,60,1,4,1,3,2,5,1,2,3,5,1,3
5,4,4,3,4,1,3,5,3,5,4,5,2,5,5,4,5,18,male,primary school,village,no,house/bungalow,182,70,2,2,1,3,2,3,1,1,2,5,3,2
5,3,1,3,5,3,1,5,3,2,5,4,2,3,5,4,2,18,male,secondary school,village,no,house/bungalow,200,90,2,4,3,3,4,2,1,2,3,5,3,3
5,3,3,5,5,3,4,5,3,4,5,2,1,3,3,1,1,30,male,masters degree,city,no,block of flats,178,71,2,4,5,1,4,3,5,4,3,5,4,5
5,3,5,5,2,3,1,5,5,3,5,3,4,5,1,4,2,24,female,secondary school,city,no,house/bungalow,153,42,1,3,2,4,4,3,3,3,1,5,1,3
5,3,4,2,4,5,2,5,3,2,5,4,4,4,2,5,3,20,female,secondary school,village,yes,house/bungalow,168,51,0,3,3,2,3,1,2,1,2,5,1,2
5,3,4,5,3,2,1,4,3,4,4,5,4,3,2,2,4,20,male,secondary school,village,no,house/bungalow,172,56,1,2,2,3,5,4,3,4,2,5,4,3
5,4,2,5,3,3,2,4,2,5,4,5,3,2,4,3,4,20,male,secondary school,village,no,house/bungalow,176,64,1,2,3,2,4,4,2,4,2,5,3,3
5,2,2,4,2,4,1,3,3,2,5,4,2,3,2,2,3,19,female,secondary school,village,no,house/bungalow,168,68,3,2,4,3,5,3,3,3,3,5,2,4
4,3,3,3,1,3,2,3,2,5,3,3,5,1,1,1,1,20,female,secondary school,village,no,house/bungalow,157,48,2,3,5,3,4,2,1,2,3,5,1,2
4,3,4,3,2,2,3,4,1,2,2,5,1,2,4,1,2,21,male,secondary school,village,no,house/bungalow,173,73,5,4,2,4,1,1,1,4,3,3,1,3
5,2,5,3,4,5,2,4,4,4,4,4,3,5,2,4,2,19,female,secondary school,village,no,house/bungalow,173,63,1,2,5,4,5,5,1,3,3,4,1,3
5,3,2,3,3,4,3,5,5,5,3,5,4,1,3,1,5,19,female,secondary school,village,no,block of flats,168,60,2,1,2,4,4,1,2,2,1,5,4,5
4,4,4,5,2,5,1,5,5,2,5,3,5,4,1,1,1,18,female,college/bachelor degree,village,no,house/bungalow,168,65,1,4,4,3,2,1,4,4,1,3,1,1
5,3,3,5,1,4,1,5,3,1,5,3,3,5,3,4,2,16,female,secondary school,city,yes,block of flats,174,64,0,1,1,1,3,3,4,2,2,5,1,2
1,3,4,4,2,4,1,5,3,3,5,5,3,5,5,5,5,19,female,secondary school,city,yes,block of flats,171,57,0,3,3,2,3,5,3,3,1,5,2,3
5,4,4,3,5,5,3,5,5,2,5,3,3,5,4,4,2,18,female,secondary school,city,no,house/bungalow,173,64,3,4,2,1,3,3,1,1,2,4,3,2
5,3,2,4,3,2,2,5,3,3,4,4,3,4,3,4,2,21,female,secondary school,city,yes,block of flats,173,59,1,4,2,1,5,2,1,3,4,5,1,3
3,4,2,3,2,1,2,5,3,3,5,4,2,1,3,2,3,21,male,college/bachelor degree,city,no,block of flats,180,80,1,2,1,1,1,1,2,1,1,3,3,3
5,4,3,3,5,2,1,4,4,4,3,4,5,5,3,4,3,18,female,secondary school,city,yes,block of flats,180,60,1,2,1,1,3,5,1,2,4,5,3,3
5,3,5,5,2,5,2,5,4,2,5,4,3,2,1,4,2,20,female,secondary school,city,yes,block of flats,160,46,0,5,2,4,3,5,2,3,1,5,5,5
5,3,3,4,4,3,1,5,3,2,5,5,1,1,5,4,3,19,female,primary school,city,no,block of flats,172,60,1,2,3,3,2,2,3,4,1,5,5,4
5,3,4,5,3,5,1,5,4,5,2,5,4,5,2,3,3,27,male,masters degree,city,yes,block of flats,180,80,0,3,2,3,4,1,2,2,4,5,4,4
5,3,4,5,4,2,3,5,5,4,5,5,3,4,4,5,4,19,female,secondary school,city,no,block of flats,160,55,2,4,1,1,4,3,4,3,3,5,4,4
5,3,4,3,4,4,2,5,5,4,2,3,4,5,3,4,2,20,female,secondary school,city,yes,block of flats,176,63,0,3,2,1,2,2,2,2,1,5,3,5
5,5,5,5,4,4,5,5,5,5,5,2,3,5,4,3,1,19,female,secondary school,village,no,house/bungalow,164,60,2,5,2,2,3,5,2,4,2,5,5,4
5,2,4,5,2,4,2,5,5,4,5,4,5,5,2,2,2,20,female,secondary school,village,yes,house/bungalow,155,44,0,2,2,3,3,3,1,2,4,5,2,2
5,3,3,1,1,1,1,5,5,3,1,2,3,1,1,5,3,17,female,primary school,city,yes,block of flats,167,57,2,3,1,2,1,1,1,1,1,3,5,5
5,3,5,3,4,5,3,5,5,1,2,4,3,4,3,3,1,23,female,secondary school,village,no,house/bungalow,171,59,2,5,3,2,2,5,1,1,2,5,1,2
5,3,5,2,3,5,1,5,5,2,5,2,1,5,3,5,2,20,female,secondary school,city,no,block of flats,170,60,1,3,4,2,1,2,1,1,1,3,2,2
5,3,4,4,4,2,5,5,3,5,5,5,4,4,3,3,4,19,male,secondary school,city,no,block of flats,182,65,2,5,3,2,3,3,3,1,2,5,3,4
5,4,1,5,1,2,1,5,2,5,5,2,4,1,5,1,1,20,female,secondary school,city,yes,block of flats,182,63,1,1,2,1,5,1,5,2,1,5,4,5
5,3,5,2,2,3,1,5,5,4,5,4,2,5,3,5,3,18,female,secondary school,city,no,house/bungalow,170,50,1,4,2,3,2,2,1,2,1,5,5,4
5,5,5,4,4,5,3,5,4,3,5,3,1,5,4,5,4,15,female,secondary school,city,no,block of flats,176,53,3,5,2,2,2,4,2,2,2,5,4,2
5,3,5,2,4,1,1,5,5,4,2,3,5,5,3,3,2,15,female,secondary school,city,no,block of flats,170,49,1,3,2,1,2,3,1,1,1,5,3,3
5,3,4,4,2,4,1,5,5,3,4,2,2,5,4,3,5,19,female,secondary school,city,no,block of flats,168,72,1,3,3,2,3,3,1,1,2,5,2,3
5,3,2,4,3,3,2,5,4,2,5,4,3,4,3,3,3,21,female,masters degree,city,no,house/bungalow,163,49,2,4,3,4,4,3,4,4,3,4,2,3
5,3,5,2,2,5,1,5,5,4,5,3,4,3,3,4,3,19,female,college/bachelor degree,city,no,block of flats,152,47,2,3,2,1,2,2,1,1,2,4,1,1
5,3,3,5,1,4,2,4,3,3,4,3,4,2,2,2,4,17,female,secondary school,village,no,house/bungalow,158,57,1,3,1,2,4,4,3,4,4,5,4,4
5,3,4,5,5,2,1,4,2,1,3,5,4,4,4,4,3,24,male,secondary school,village,yes,house/bungalow,177,80,0,4,3,1,1,1,5,5,1,5,4,3
5,3,2,5,2,2,1,5,2,2,5,2,4,1,2,1,1,19,female,secondary school,city,no,block of flats,170,55,1,2,4,3,5,3,5,5,5,5,3,2
5,3,4,4,4,4,4,4,5,4,5,3,3,4,4,3,4,19,female,college/bachelor degree,city,no,block of flats,178,67,2,4,2,2,4,4,2,4,3,5,3,5
5,4,4,3,4,3,2,5,4,1,4,2,4,3,3,3,4,22,female,secondary school,city,yes,house/bungalow,170,60,0,5,3,3,2,2,1,1,1,4,3,3
5,3,3,4,2,5,4,5,4,5,5,4,2,5,4,4,4,20,female,college/bachelor degree,city,no,block of flats,170,70,1,3,3,4,4,5,4,3,3,5,4,3
5,3,4,5,2,2,2,5,4,5,3,4,4,5,3,4,4,19,male,secondary school,city,yes,block of flats,188,76,0,2,1,3,3,1,3,1,2,5,5,4
5,4,3,4,5,4,3,5,2,5,5,5,3,3,2,1,5,19,male,secondary school,village,no,house/bungalow,180,85,2,3,5,2,4,3,2,3,3,5,4,4
5,3,2,5,2,5,5,5,5,3,4,4,3,5,4,4,4,18,female,secondary school,city,no,house/bungalow,178,69,1,4,2,1,3,4,5,3,2,4,1,1
5,3,2,4,4,5,3,5,2,3,1,5,2,1,4,2,1,19,male,secondary school,city,no,block of flats,178,74,1,4,2,3,4,1,4,5,2,4,1,4
5,3,3,2,1,3,1,5,2,1,3,2,4,3,3,4,3,20,female,secondary school,city,no,block of flats,165,50,2,1,1,2,1,2,1,1,1,3,3,4
1,2,1,1,1,1,1,4,2,5,5,5,5,1,3,3,4,20,male,secondary school,city,no,block of flats,178,68,2,1,1,1,1,1,1,1,1,5,4,4
5,4,5,5,3,1,1,5,4,2,3,3,4,4,3,3,2,20,female,secondary school,city,no,block of flats,168,55,2,3,1,1,3,3,1,1,4,5,3,4
5,3,4,4,5,4,1,5,3,3,4,4,2,5,3,4,3,27,female,masters degree,city,no,block of flats,168,55,1,3,2,2,4,3,1,3,1,5,4,4
5,3,4,4,4,2,3,4,4,2,4,2,3,4,3,4,4,19,female,secondary school,city,yes,house/bungalow,180,57,1,3,1,1,3,2,2,4,3,5,3,3
4,3,4,4,4,4,1,5,5,3,5,2,1,3,4,4,1,20,female,secondary school,city,no,house/bungalow,173,58,1,4,1,1,2,4,1,1,1,5,2,4
4,3,3,5,3,3,2,4,4,4,4,4,3,2,3,2,2,20,male,secondary school,village,no,house/bungalow,193,85,1,3,3,3,3,3,4,4,3,4,2,4
5,4,5,4,3,5,2,5,5,3,5,5,4,4,3,5,5,21,female,secondary school,city,no,house/bungalow,184,120,1,5,2,3,2,5,1,3,1,5,2,4
5,1,1,5,1,2,1,5,4,5,5,1,3,5,1,1,2,16,female,primary school,village,yes,house/bungalow,167,62,1,2,2,2,4,4,4,5,2,5,1,1
5,3,4,5,2,3,1,3,4,2,4,2,3,3,4,4,2,18,female,secondary school,village,no,house/bungalow,167,57,1,3,2,5,3,3,3,2,4,5,3,5
5,4,5,3,2,1,5,5,1,4,1,5,1,1,5,2,5,23,male,college/bachelor degree,city,no,block of flats,190,90,1,5,1,1,1,1,2,2,1,5,5,5
5,3,2,3,1,2,4,4,3,4,3,3,2,3,3,2,4,19,male,secondary school,village,yes,house/bungalow,187,83,0,2,1,2,3,2,2,3,2,5,2,2
5,3,4,3,5,5,2,5,4,2,5,3,4,2,3,4,2,19,female,secondary school,city,no,house/bungalow,163,51,0,5,2,3,2,2,1,1,1,5,2,2
5,3,2,4,5,3,1,5,3,1,5,5,3,4,3,3,3,22,female,college/bachelor degree,city,no,block of flats,173,52,1,4,1,1,3,4,1,3,2,5,5,5
4,2,1,5,1,1,1,4,2,4,2,5,4,1,3,3,2,20,male,college/bachelor degree,city,no,house/bungalow,190,92,1,1,2,1,5,2,5,1,4,5,1,3
4,5,4,5,4,5,1,5,4,1,3,5,4,4,2,2,2,25,female,masters degree,city,no,block of flats,167,76,1,2,2,4,2,5,4,2,1,5,1,3
5,3,4,4,2,2,1,5,4,3,4,4,3,4,3,1,1,18,female,secondary school,city,yes,block of flats,160,53,2,2,2,1,4,4,2,1,3,5,1,3
5,3,2,5,2,1,1,5,5,2,4,4,2,1,4,5,3,20,female,college/bachelor degree,city,yes,house/bungalow,169,64,0,3,2,1,2,2,2,3,2,5,1,1
5,3,2,5,1,3,1,5,3,4,5,1,4,5,1,1,1,19,female,secondary school,city,no,block of flats,176,68,2,1,4,3,2,5,4,3,1,5,1,1
5,3,3,4,4,2,2,3,2,3,3,3,3,4,2,4,4,16,female,secondary school,village,yes,house/bungalow,158,50,0,4,2,1,3,3,1,1,1,4,5,5
5,4,5,5,5,5,2,5,4,5,5,5,3,5,5,5,5,18,female,college/bachelor degree,city,yes,block of flats,167,57,0,5,5,2,5,5,2,2,5,5,4,4
2,4,3,4,3,1,2,4,3,4,2,3,2,3,5,1,2,15,male,primary school,city,no,house/bungalow,170,75,1,2,1,1,2,2,3,2,1,5,4,4
5,4,5,5,2,5,5,5,5,5,5,5,3,5,2,1,3,20,male,secondary school,village,no,house/bungalow,180,75,2,5,4,5,4,5,5,5,4,5,4,4
5,3,5,2,2,2,1,4,1,2,3,4,1,5,5,5,4,20,male,secondary school,city,no,block of flats,184,68,1,1,1,1,3,3,1,1,2,4,1,3
5,3,3,3,3,2,4,5,4,3,5,3,3,5,3,3,3,20,female,secondary school,city,yes,house/bungalow,170,60,1,4,1,1,1,3,1,2,2,4,2,3
5,3,5,4,3,4,3,5,5,3,5,4,3,5,3,2,2,18,female,secondary school,city,no,block of flats,166,65,1,4,3,2,4,5,1,2,2,5,1,3
5,3,2,5,1,3,1,5,5,2,5,2,2,5,2,3,1,18,female,primary school,city,no,block of flats,160,50,1,2,2,1,4,3,5,5,2,4,1,2
5,2,5,4,1,3,1,5,4,2,2,5,4,5,3,4,3,20,male,secondary school,village,no,house/bungalow,178,68,1,2,1,4,5,4,1,3,5,3,2,4
5,3,5,3,2,3,2,5,5,3,4,4,3,3,3,3,3,18,female,primary school,city,no,block of flats,168,65,1,4,2,2,2,2,2,3,2,5,2,3
5,3,4,4,5,3,4,4,3,3,4,4,4,3,3,4,4,19,male,secondary school,village,no,house/bungalow,185,62,1,4,4,3,3,3,4,4,2,4,1,2
5,4,5,4,2,3,3,5,5,4,3,2,3,3,5,3,2,19,female,college/bachelor degree,city,yes,block of flats,175,58,0,3,2,2,3,2,2,2,1,5,5,4
5,3,5,3,5,3,1,5,3,3,5,5,5,4,2,3,3,20,female,secondary school,city,no,block of flats,167,55,1,3,2,1,4,4,1,1,2,5,3,4
5,3,4,4,4,2,3,4,4,2,4,2,2,5,4,5,3,17,female,primary school,city,no,block of flats,160,60,1,4,2,3,3,2,1,2,1,5,4,5
5,5,2,5,5,2,4,5,3,3,2,2,3,3,4,3,4,17,male,secondary school,village,yes,house/bungalow,182,92,1,3,2,3,3,3,2,2,1,5,2,1
4,3,3,2,2,5,1,5,5,1,5,3,5,1,1,2,1,22,female,secondary school,village,no,house/bungalow,165,60,2,3,2,3,3,5,1,1,1,5,3,1
5,2,5,4,3,3,2,5,5,3,5,3,3,4,1,4,2,16,female,secondary school,city,yes,block of flats,174,65,1,3,2,3,3,4,2,2,2,4,2,2
5,2,2,3,2,4,1,5,2,1,4,1,4,3,1,2,3,24,female,masters degree,city,no,block of flats,169,50,1,2,3,3,2,3,2,2,1,5,4,5
5,5,4,4,4,2,4,5,3,4,3,3,3,3,5,2,4,17,male,primary school,city,no,block of flats,185,73,1,4,3,2,3,3,2,2,2,5,5,4
5,4,5,3,3,1,4,5,3,4,5,3,5,2,1,1,2,17,male,secondary school,city,no,block of flats,170,60,1,3,1,2,3,2,1,2,2,5,5,4
5,3,3,3,5,1,5,5,1,2,5,4,1,1,4,3,4,17,male,secondary school,city,no,house/bungalow,182,76,2,5,1,2,3,2,1,1,3,5,2,2
5,3,2,5,1,2,1,5,5,1,5,2,2,4,2,2,1,18,female,primary school,city,no,block of flats,160,50,2,2,2,1,5,3,5,5,3,5,1,2
5,1,2,3,3,2,1,4,4,4,3,2,4,4,3,5,1,18,female,primary school,village,no,house/bungalow,158,53,2,1,3,2,5,3,1,2,3,4,2,2
5,4,2,2,5,1,5,5,1,4,1,5,1,5,5,5,5,16,male,primary school,village,no,house/bungalow,186,63,1,1,1,1,1,1,2,2,1,5,5,5
5,3,3,3,4,4,3,5,3,5,4,3,3,2,4,4,2,20,female,secondary school,city,yes,block of flats,173,68,1,3,2,2,2,4,1,2,2,3,1,2
5,3,5,3,2,3,1,5,4,1,2,1,5,2,1,3,1,24,female,college/bachelor degree,village,no,house/bungalow,172,68,3,2,4,4,1,2,1,1,1,4,1,2
4,3,4,4,2,2,3,5,3,5,1,5,4,3,3,2,2,18,female,secondary school,city,yes,block of flats,164,60,0,4,2,1,1,2,3,4,1,4,1,3
5,4,3,3,5,2,4,5,3,4,1,5,1,2,5,3,1,17,male,primary school,city,yes,block of flats,185,70,1,1,1,1,1,1,1,1,1,5,3,4
5,4,4,2,1,3,2,5,2,3,5,4,2,4,4,5,5,16,male,secondary school,city,no,block of flats,182,75,1,3,5,2,5,5,1,1,5,5,1,1
2,3,4,4,2,1,2,4,2,5,5,5,3,2,3,3,4,20,male,college/bachelor degree,city,no,house/bungalow,187,68,2,4,2,2,1,1,3,3,1,5,3,3
5,5,2,5,1,2,1,5,3,3,2,4,3,3,3,4,2,19,male,secondary school,city,no,block of flats,189,76,1,2,1,3,2,1,5,1,2,5,2,5
5,3,4,2,4,2,1,5,4,2,2,2,3,4,3,3,2,18,female,secondary school,city,no,block of flats,166,60,1,3,1,2,3,2,1,1,3,5,4,4
5,3,4,4,3,2,3,4,5,3,5,3,4,5,4,5,4,20,female,secondary school,city,no,block of flats,161,59,1,3,3,2,4,4,2,3,4,5,1,4
4,4,5,5,4,3,2,5,2,5,4,4,3,3,3,3,3,18,male,secondary school,city,no,house/bungalow,185,74,1,3,3,4,4,4,3,2,3,4,3,2
4,3,3,5,3,2,2,5,3,3,2,3,4,2,4,2,3,19,male,college/bachelor degree,city,no,house/bungalow,170,68,2,5,3,3,2,1,2,1,3,5,2,2
5,3,5,2,4,3,2,5,5,3,5,4,1,5,4,4,4,20,female,secondary school,city,no,block of flats,184,72,2,4,2,4,3,2,1,2,3,5,1,2
5,1,2,5,3,1,1,5,4,3,5,2,4,5,1,1,1,19,female,college/bachelor degree,village,no,house/bungalow,166,58,1,3,5,5,5,2,4,2,1,5,5,4
5,3,3,5,2,4,1,2,3,4,2,4,5,1,1,1,4,19,female,college/bachelor degree,city,no,block of flats,167,50,2,1,3,2,4,5,3,5,5,5,1,4
2,4,4,5,3,1,2,3,2,1,1,5,4,5,3,4,4,20,male,college/bachelor degree,city,no,block of flats,178,75,2,4,2,3,3,2,4,3,1,5,2,4
5,3,5,5,1,1,3,5,4,5,3,5,5,2,2,3,3,20,male,secondary school,village,no,block of flats,178,67,2,3,1,3,4,1,4,4,1,5,2,4
5,4,5,5,4,4,1,5,3,1,5,5,3,3,3,4,2,19,female,secondary school,village,no,house/bungalow,168,58,2,3,3,2,4,3,3,3,2,5,1,4
5,3,5,5,2,5,2,5,5,3,5,2,3,3,3,3,4,19,female,secondary school,village,no,house/bungalow,164,53,4,5,5,5,5,5,3,3,5,5,1,2
4,4,2,4,1,2,4,4,3,5,5,4,3,4,2,2,2,20,male,secondary school,city,no,block of flats,187,56,2,2,2,2,2,2,2,5,2,4,3,3
5,3,5,3,3,2,3,5,5,2,3,2,1,5,5,5,5,21,female,secondary school,city,no,block of flats,176,62,1,5,2,2,1,2,1,1,1,5,3,4
5,3,3,5,1,3,1,5,3,1,4,2,3,2,1,1,3,17,female,secondary school,village,yes,house/bungalow,158,70,0,2,3,3,4,2,4,3,1,5,5,5
5,3,4,4,3,4,2,5,3,4,5,5,3,3,3,2,3,25,male,masters degree,city,no,house/bungalow,174,67,2,5,4,3,4,5,2,2,4,5,3,4
5,4,4,4,4,5,5,4,3,2,4,4,4,3,3,4,3,20,female,secondary school,city,no,block of flats,170,58,1,4,3,2,2,3,1,1,1,5,4,3
5,4,2,5,1,2,1,4,3,4,5,4,2,5,3,4,3,21,female,secondary school,city,no,block of flats,173,58,1,2,2,3,4,3,3,3,4,5,1,5
5,3,3,5,3,1,2,5,4,2,4,5,3,3,4,4,5,22,male,college/bachelor degree,city,no,block of flats,185,90,1,2,2,2,3,4,3,4,3,5,5,5
5,3,4,5,4,5,3,5,5,5,5,5,2,4,5,3,5,25,male,college/bachelor degree,city,no,block of flats,178,77,1,5,4,4,5,4,3,3,3,5,3,3
5,3,4,5,5,2,4,5,3,5,2,3,4,4,3,3,2,19,female,secondary school,city,yes,block of flats,166,55,0,3,2,1,2,3,3,3,1,4,3,3
5,3,5,2,5,5,2,5,5,1,5,5,4,5,5,5,5,25,female,masters degree,city,no,block of flats,167,64,2,5,2,2,2,4,1,1,1,5,5,5
5,3,5,4,4,5,3,4,4,2,3,5,3,4,2,4,2,25,female,masters degree,city,no,block of flats,169,60,1,3,4,2,4,4,1,3,3,5,3,5
5,4,3,2,2,5,1,4,4,3,4,2,4,5,3,4,2,21,female,secondary school,city,yes,house/bungalow,168,60,0,3,2,2,3,3,1,1,2,5,3,3
4,3,2,2,2,3,3,4,3,3,5,4,4,4,1,2,3,20,male,secondary school,city,no,block of flats,178,65,2,1,1,2,3,2,1,2,3,5,1,1
4,4,3,3,3,2,1,4,4,3,3,4,3,2,3,3,3,24,female,masters degree,city,no,block of flats,165,49,2,3,3,3,3,3,2,1,2,4,2,2
5,4,4,3,5,5,2,4,4,2,5,3,4,4,2,3,1,30,female,masters degree,city,no,block of flats,160,47,2,4,3,1,3,2,1,1,1,5,4,5
5,4,1,3,2,1,1,3,1,5,1,5,4,2,1,2,3,21,male,secondary school,city,no,block of flats,176,75,1,1,1,3,1,1,5,3,1,5,5,4
5,3,3,4,1,2,1,4,3,1,3,4,3,5,4,4,5,27,male,masters degree,city,no,block of flats,186,77,3,3,1,1,2,1,2,1,1,4,2,4
5,4,3,4,3,1,5,3,2,5,2,5,3,2,3,3,4,21,male,college/bachelor degree,city,no,block of flats,172,68,1,3,1,3,1,2,5,3,1,5,4,4
5,4,4,4,2,2,1,5,4,4,3,3,3,3,4,4,4,22,female,secondary school,city,no,block of flats,160,65,1,2,4,1,5,5,3,4,5,5,4,5
5,3,4,2,3,1,4,4,2,4,4,4,3,3,3,3,5,19,male,secondary school,village,no,block of flats,180,80,1,4,1,2,3,1,1,1,3,5,2,3
5,3,2,5,1,3,1,5,2,1,3,1,4,1,5,3,5,20,female,secondary school,village,no,block of flats,170,90,1,2,1,3,1,3,4,1,2,4,2,1
2,3,3,4,2,3,1,5,3,4,4,3,2,2,2,1,1,23,male,secondary school,village,no,house/bungalow,175,79,2,2,3,3,3,4,2,2,3,4,2,2
5,3,4,5,3,1,5,5,5,5,5,2,5,4,3,4,3,20,female,college/bachelor degree,village,no,house/bungalow,167,57,2,4,5,5,5,2,1,5,3,5,1,1
5,3,5,4,3,5,4,5,5,5,5,3,4,1,3,3,3,21,female,secondary school,village,no,house/bungalow,168,60,1,4,5,1,4,5,1,1,4,5,1,3
5,3,3,3,3,2,2,5,3,2,5,3,3,4,3,4,2,19,female,secondary school,city,no,block of flats,166,44,1,4,2,3,3,3,1,3,2,5,3,3
5,5,3,1,1,5,1,5,5,2,3,2,2,1,1,3,1,21,female,college/bachelor degree,city,no,block of flats,164,58,1,3,4,3,5,5,1,1,5,4,5,4
5,4,4,4,4,2,4,5,5,3,2,2,3,5,3,4,5,16,female,currently a primary school pupil,city,yes,block of flats,165,50,0,5,1,5,1,5,1,3,1,5,2,3
5,5,4,5,4,1,1,5,1,5,5,5,3,5,3,3,5,20,male,secondary school,village,no,house/bungalow,180,88,1,4,2,1,3,1,1,5,1,5,5,5
5,3,5,5,4,5,2,4,5,2,5,3,2,4,2,4,3,18,female,secondary school,city,yes,block of flats,173,60,0,3,2,2,3,4,1,1,2,5,1,3
5,5,3,5,1,1,5,5,3,1,3,3,3,3,4,5,1,21,female,secondary school,city,no,block of flats,168,54,1,3,1,1,1,1,5,1,1,2,1,1
5,3,4,4,2,2,3,4,2,3,3,5,3,3,3,2,2,21,male,secondary school,village,no,house/bungalow,177,68,2,4,3,1,2,2,4,4,2,5,3,3
5,3,5,3,3,2,2,4,4,3,4,2,3,5,3,3,4,18,male,college/bachelor degree,city,no,block of flats,167,56,2,4,3,2,5,3,2,1,2,5,4,3
5,3,5,5,4,3,3,5,4,1,5,1,1,5,5,5,1,19,female,secondary school,village,no,house/bungalow,173,69,1,3,1,1,1,1,1,2,1,5,5,5
5,5,1,2,1,1,1,3,1,3,1,4,2,1,5,2,3,18,male,secondary school,village,no,house/bungalow,180,60,1,1,2,1,2,2,4,5,2,5,5,5
5,1,5,1,1,4,1,5,4,3,3,2,3,5,1,2,1,18,female,primary school,village,no,house/bungalow,172,60,1,4,4,2,2,3,1,1,2,5,1,5
5,3,5,5,3,3,3,2,2,2,1,4,3,3,3,1,1,23,female,secondary school,village,yes,house/bungalow,158,53,0,5,2,5,5,5,1,1,5,3,1,2
5,4,2,5,1,1,1,5,1,2,5,4,3,2,5,4,5,20,female,secondary school,village,no,house/bungalow,165,52,1,1,1,1,3,1,3,5,3,5,1,3
5,2,5,4,2,3,2,5,5,5,5,5,5,3,1,1,2,18,female,secondary school,village,no,house/bungalow,168,55,1,2,3,2,5,5,1,1,3,5,1,2
5,3,4,5,3,1,2,5,5,5,5,5,4,4,3,3,1,21,female,secondary school,village,no,house/bungalow,161,57,3,3,1,1,2,3,3,5,3,5,4,5
5,2,2,5,1,2,1,4,2,3,4,1,3,1,4,1,1,22,female,masters degree,city,no,house/bungalow,160,65,1,1,1,1,1,1,4,1,1,4,1,4
5,3,2,3,2,3,2,4,3,4,5,3,1,1,4,2,1,19,male,secondary school,city,no,block of flats,180,77,1,3,3,1,5,1,1,2,4,5,2,4
5,3,5,3,3,2,3,4,5,3,5,3,4,2,2,2,2,18,female,primary school,city,no,block of flats,164,56,2,5,3,2,4,5,2,4,3,5,1,3
5,5,4,4,2,4,3,5,4,4,5,3,4,4,2,2,2,19,female,masters degree,village,no,house/bungalow,170,53,1,3,3,3,4,2,2,2,2,5,1,3
4,3,2,2,3,4,5,5,3,3,5,5,5,4,4,3,4,19,male,secondary school,village,no,house/bungalow,185,78,2,4,1,3,2,3,1,1,4,5,4,4
5,3,1,5,3,3,1,4,2,3,3,2,3,2,4,2,2,20,male,secondary school,city,no,block of flats,184,80,1,2,2,2,3,1,4,3,1,4,5,4
5,3,5,4,2,3,2,4,3,3,2,2,3,1,3,3,3,19,female,secondary school,city,no,block of flats,170,56,3,4,4,4,2,4,3,4,2,5,3,5
5,4,5,3,4,5,4,4,1,4,3,5,2,4,2,5,4,18,male,secondary school,city,no,block of flats,184,83,1,4,1,2,2,3,1,1,1,5,1,3
5,3,3,5,2,1,1,4,3,2,4,2,2,5,2,3,1,18,female,secondary school,city,no,block of flats,173,60,1,1,1,1,1,2,5,3,1,4,2,2
4,3,4,4,2,4,3,5,4,4,4,4,1,5,2,4,2,19,male,secondary school,city,no,block of flats,176,62,1,2,2,2,2,1,2,2,2,4,3,3
5,3,4,5,4,2,1,4,5,2,5,2,1,3,1,2,2,18,female,secondary school,village,no,house/bungalow,180,74,2,1,1,1,2,3,4,4,2,5,1,2
5,5,4,2,4,2,4,5,3,3,2,5,4,4,5,5,1,19,male,secondary school,city,no,block of flats,175,70,1,5,2,2,1,1,1,1,1,5,3,5
5,3,4,4,3,3,4,5,4,2,2,2,3,3,3,4,4,19,female,secondary school,city,no,block of flats,164,58,1,4,1,2,4,3,1,1,1,5,3,3
5,3,5,4,3,2,2,5,4,3,5,3,2,4,4,5,3,18,female,secondary school,city,no,block of flats,163,58,6,4,2,4,3,3,1,4,1,5,5,4
4,3,3,3,3,3,3,4,2,5,3,4,3,3,2,3,1,18,female,secondary school,village,no,house/bungalow,162,54,3,2,2,2,4,3,1,2,3,4,3,4
5,4,2,3,2,2,4,4,2,3,3,2,4,1,3,2,2,19,female,secondary school,city,no,block of flats,170,54,1,3,2,4,2,2,4,4,2,5,3,3
5,3,5,3,4,5,1,5,5,3,5,3,3,5,3,4,4,20,female,secondary school,city,yes,block of flats,157,43,1,4,2,2,2,3,1,1,1,5,1,2
4,3,3,3,4,1,4,5,1,3,2,4,2,1,2,4,4,19,male,secondary school,city,no,block of flats,185,70,1,4,1,2,2,1,1,1,1,5,4,3
3,2,1,1,1,1,1,4,4,1,3,1,5,2,2,2,1,26,female,masters degree,village,no,house/bungalow,163,55,3,1,3,3,3,4,1,1,2,4,2,2
5,3,4,4,4,2,3,5,4,3,4,2,2,4,4,4,4,19,female,secondary school,village,no,house/bungalow,168,49,1,4,2,2,2,2,1,1,2,5,3,4
5,4,5,3,2,3,1,5,3,5,5,5,1,2,3,5,5,22,male,college/bachelor degree,village,no,house/bungalow,178,82,1,4,3,1,5,3,1,1,4,5,4,5
5,3,4,4,3,3,3,4,4,2,3,4,4,4,4,4,2,20,male,college/bachelor degree,village,no,house/bungalow,165,65,1,3,2,2,3,1,1,1,1,4,2,4
5,3,5,3,3,1,3,5,5,1,2,1,3,5,5,5,5,28,female,masters degree,city,no,block of flats,180,63,2,4,1,1,1,1,3,3,1,5,3,5
4,4,4,5,3,2,1,5,4,2,5,3,4,5,3,4,1,21,female,secondary school,city,yes,house/bungalow,156,48,0,2,1,1,2,3,3,4,1,5,5,5
5,3,5,5,3,2,4,5,5,1,4,5,3,4,1,3,2,19,female,secondary school,village,no,house/bungalow,175,58,1,4,2,1,2,3,2,5,2,5,1,3
5,5,3,2,5,1,1,5,1,2,1,5,5,1,4,3,5,22,male,secondary school,city,no,block of flats,188,80,2,3,1,1,1,1,1,4,1,5,3,3
5,4,4,5,2,2,4,5,3,5,3,5,5,3,3,1,4,19,male,secondary school,city,no,house/bungalow,181,62,2,4,2,1,2,1,2,3,1,5,2,4
4,2,2,3,1,2,3,5,4,1,5,1,4,3,3,3,2,19,female,secondary school,city,yes,block of flats,166,62,0,2,2,3,3,3,2,3,3,5,1,2
5,4,2,4,5,1,1,5,2,2,3,5,1,2,5,5,5,22,male,secondary school,city,no,block of flats,189,78,2,3,1,1,1,1,2,4,1,5,5,5
5,3,3,3,1,4,2,5,3,2,3,3,3,3,2,4,3,29,male,masters degree,village,yes,house/bungalow,189,96,3,2,4,3,3,3,1,1,4,4,2,3
5,3,5,3,3,5,1,4,5,1,5,2,3,4,1,2,1,18,female,secondary school,city,yes,block of flats,164,60,0,3,1,1,3,3,1,1,1,5,1,1
5,4,3,4,2,5,3,4,5,1,3,1,3,5,3,5,2,22,female,secondary school,city,no,house/bungalow,172,50,1,4,3,3,3,2,1,4,2,3,1,4
5,3,3,1,2,5,2,5,3,3,3,4,4,2,2,4,2,17,female,secondary school,city,no,house/bungalow,157,46,1,3,2,2,3,4,1,2,2,5,2,3
4,2,3,2,4,2,2,5,4,2,3,4,4,4,2,2,1,20,female,secondary school,village,no,house/bungalow,161,46,1,4,3,2,3,2,2,1,1,5,2,2
4,3,5,2,3,3,1,5,5,2,3,3,5,3,2,3,1,19,female,secondary school,village,no,block of flats,167,58,1,4,3,1,2,3,1,1,3,4,5,5
5,3,3,5,2,2,2,5,3,5,5,5,1,3,3,2,2,20,male,secondary school,city,no,block of flats,178,74,1,4,2,2,2,2,4,5,1,5,2,4
3,3,4,3,1,1,1,5,2,2,1,1,3,1,3,2,2,25,male,masters degree,village,no,block of flats,186,78,1,2,2,4,3,2,1,2,2,3,5,4
5,4,5,4,4,5,4,5,5,5,5,4,3,4,3,4,3,21,female,secondary school,city,no,block of flats,161,55,2,5,3,5,3,4,2,3,4,5,2,4
3,4,3,4,4,1,1,5,4,4,3,4,4,2,3,3,4,22,male,secondary school,city,no,block of flats,189,82,2,2,1,3,1,1,2,4,1,5,1,4
3,3,4,2,3,3,2,5,4,3,2,1,2,2,2,2,2,28,female,masters degree,city,no,block of flats,171,57,1,4,2,2,2,1,1,1,1,5,2,5
5,3,3,5,3,3,1,4,2,4,3,4,2,1,3,2,4,22,male,secondary school,city,no,block of flats,177,75,1,2,4,3,5,4,3,2,4,5,4,4
5,5,2,5,3,1,1,5,2,1,5,1,4,5,5,5,5,20,female,college/bachelor degree,village,yes,house/bungalow,160,49,2,2,2,2,1,1,1,5,1,5,3,5
4,3,3,2,5,5,4,5,5,1,4,1,3,4,3,3,3,16,female,primary school,city,no,block of flats,168,50,1,3,2,2,2,3,1,1,2,1,2,2
5,3,4,4,3,5,1,5,4,4,4,4,3,2,1,3,3,19,female,secondary school,city,no,block of flats,165,56,1,3,2,2,2,2,2,3,2,5,4,4
5,5,2,5,1,3,2,3,5,2,5,4,2,2,4,3,3,20,female,secondary school,city,no,block of flats,163,68,2,3,3,1,4,4,2,2,2,5,1,2
5,3,5,3,5,4,2,4,2,3,3,5,5,4,4,3,5,21,male,college/bachelor degree,city,no,block of flats,185,78,1,4,1,2,2,1,1,1,1,5,3,5
5,3,2,5,1,2,1,5,5,3,4,1,3,4,4,3,2,19,female,secondary school,city,no,block of flats,165,55,1,2,2,1,2,4,2,2,2,5,2,3
3,2,3,3,2,4,2,4,4,2,4,2,3,4,3,2,2,25,female,college/bachelor degree,city,no,block of flats,170,52,1,3,2,4,5,4,1,1,4,4,3,4
5,3,2,4,1,3,1,4,3,2,5,3,2,1,5,3,1,19,female,secondary school,village,no,house/bungalow,170,50,3,3,2,1,3,2,1,1,1,5,1,1
5,3,2,4,1,4,4,5,5,5,5,3,3,3,3,3,2,19,female,secondary school,city,no,house/bungalow,172,58,2,3,5,2,4,2,2,1,4,5,3,3
5,3,4,4,2,5,2,3,5,1,2,1,5,2,3,4,2,21,female,secondary school,city,no,block of flats,179,60,1,4,5,3,4,2,2,2,2,4,4,5
5,3,4,4,1,4,5,5,5,5,5,2,5,2,1,1,1,28,female,masters degree,city,no,block of flats,176,60,1,2,2,1,5,5,1,1,4,5,2,1
5,3,5,1,5,2,1,5,3,4,2,2,2,5,4,5,5,21,female,college/bachelor degree,village,no,house/bungalow,168,50,1,5,1,1,2,2,1,1,1,5,5,4
5,4,3,5,3,2,1,5,3,4,4,5,2,3,4,3,2,20,male,secondary school,village,no,house/bungalow,177,75,3,3,4,2,2,2,3,4,1,5,2,4
5,4,2,2,5,1,2,5,2,3,2,4,2,4,3,3,3,19,male,secondary school,city,no,block of flats,189,83,1,2,1,1,1,1,3,3,1,5,1,5
5,4,2,2,2,4,1,3,2,4,1,2,3,4,5,4,2,21,female,college/bachelor degree,village,no,house/bungalow,168,53,1,3,4,3,3,4,1,1,2,4,2,3
5,3,4,4,4,3,2,4,4,4,3,4,3,2,4,4,4,22,male,college/bachelor degree,village,yes,house/bungalow,176,70,1,5,3,3,4,4,3,2,4,4,2,3
5,3,3,3,4,2,1,5,4,4,4,4,4,3,4,3,4,19,male,secondary school,city,no,block of flats,185,75,2,3,1,2,3,2,1,1,1,5,3,3
5,4,3,4,3,3,3,5,3,3,4,4,4,3,3,3,3,20,male,secondary school,village,yes,block of flats,178,74,0,3,1,1,2,3,5,5,1,4,3,5
5,3,3,5,1,2,1,5,3,3,5,4,4,3,2,2,2,22,male,college/bachelor degree,city,yes,block of flats,178,66,0,1,5,5,2,2,1,1,2,5,3,4
5,4,4,5,1,2,1,5,1,4,4,5,5,4,5,1,5,19,male,secondary school,city,no,block of flats,187,69,1,4,3,3,3,4,5,3,2,5,5,4
5,4,5,4,4,5,4,5,3,3,5,4,4,5,3,4,1,18,female,secondary school,city,no,block of flats,171,62,1,4,2,2,3,2,1,2,4,4,1,2
5,4,1,2,4,2,4,4,2,3,2,4,1,1,5,3,4,19,male,primary school,city,no,block of flats,185,74,1,4,3,1,2,1,2,1,1,4,3,3
5,3,4,2,4,4,2,5,5,3,3,3,3,3,3,3,3,23,female,masters degree,city,no,block of flats,174,62,1,3,1,2,2,2,1,1,1,5,2,3
5,3,5,3,3,5,3,5,4,1,5,1,1,5,4,5,1,20,female,secondary school,city,yes,block of flats,157,57,0,5,5,1,5,4,2,2,3,5,3,5
5,3,4,3,3,4,4,5,4,3,4,4,3,4,3,4,3,18,female,secondary school,city,no,house/bungalow,165,57,2,4,2,2,3,3,1,2,3,5,1,2
5,4,5,5,5,1,3,5,2,5,4,5,3,2,2,1,4,20,male,secondary school,city,no,house/bungalow,185,85,2,3,1,1,5,3,1,2,2,5,2,5
5,2,3,5,1,3,1,3,2,2,4,2,3,2,3,2,3,20,male,secondary school,city,no,block of flats,180,68,1,1,2,2,2,1,3,2,2,4,1,2
5,3,5,2,1,3,1,5,3,3,1,5,4,4,4,2,1,28,female,secondary school,city,no,block of flats,172,50,2,3,5,2,3,3,1,1,1,4,1,1
5,4,2,5,1,2,1,4,4,3,5,3,3,4,2,1,2,22,male,secondary school,village,no,house/bungalow,189,68,1,2,5,4,5,2,4,3,1,5,2,1
5,3,4,4,2,4,4,5,4,2,5,3,2,4,3,5,1,19,female,secondary school,city,yes,block of flats,170,65,0,4,2,1,3,3,2,1,2,5,4,3
5,3,3,5,2,3,3,4,3,3,3,3,3,4,5,4,4,21,male,college/bachelor degree,city,no,block of flats,184,82,3,3,1,2,2,2,2,3,2,5,3,3
5,1,5,5,4,4,4,5,5,5,5,5,1,5,5,5,5,17,male,secondary school,village,no,house/bungalow,175,60,2,3,3,4,4,4,3,4,1,5,4,4
5,5,4,2,5,3,5,5,3,1,3,5,1,5,5,5,5,19,female,college/bachelor degree,city,no,block of flats,168,57,1,2,1,1,1,2,2,1,1,5,5,5
5,3,3,4,3,1,2,3,4,1,4,3,3,2,4,1,3,25,male,masters degree,city,no,block of flats,190,82,3,3,2,1,4,3,1,3,3,5,2,4
5,3,4,4,4,3,3,5,4,4,5,4,4,4,1,1,1,20,female,secondary school,village,no,house/bungalow,170,52,1,3,2,1,3,3,4,4,2,5,3,4
5,3,4,5,1,1,1,2,1,5,1,3,1,4,4,3,3,26,male,college/bachelor degree,city,no,block of flats,194,85,2,3,2,2,5,1,4,1,4,5,2,5
5,4,3,2,4,3,1,5,5,3,5,4,2,5,4,5,3,20,female,secondary school,city,no,block of flats,175,53,2,3,2,2,2,3,2,2,1,5,3,3
5,4,2,5,2,3,1,1,2,4,4,3,1,4,5,4,5,21,male,masters degree,city,yes,house/bungalow,175,75,2,2,3,1,4,5,4,3,3,5,1,4
5,3,3,3,3,1,3,5,3,5,5,5,3,1,2,1,1,20,male,secondary school,village,no,block of flats,176,70,3,3,3,3,3,1,3,3,1,5,5,5
5,3,4,5,2,5,1,5,3,5,5,4,4,4,4,2,3,27,male,masters degree,village,no,house/bungalow,178,77,3,3,2,2,5,5,3,3,5,5,5,5
5,4,1,4,2,1,1,5,2,2,4,4,3,2,3,1,1,21,male,secondary school,village,no,house/bungalow,203,80,2,1,4,2,5,3,5,2,5,5,3,5
5,3,3,5,1,2,1,4,3,5,5,4,1,5,4,4,2,17,female,primary school,village,yes,house/bungalow,163,49,3,2,5,4,3,3,2,2,2,5,1,3
3,3,3,2,3,2,3,5,5,3,3,4,2,5,2,4,2,18,female,secondary school,village,yes,house/bungalow,170,53,1,4,4,2,2,2,1,1,2,4,2,2
4,3,3,3,3,3,3,4,4,2,2,4,3,4,2,3,2,19,male,college/bachelor degree,village,yes,house/bungalow,178,65,0,3,4,2,3,4,2,2,1,4,1,2
5,5,5,1,4,4,2,5,5,1,2,5,1,5,3,5,2,21,female,college/bachelor degree,village,yes,house/bungalow,167,63,1,5,3,1,1,2,1,2,1,4,2,4
5,3,4,4,2,3,1,5,5,5,3,5,4,3,3,3,3,20,female,college/bachelor degree,city,no,block of flats,170,55,2,2,3,3,2,3,2,2,2,5,3,4
5,3,2,4,5,1,1,5,5,2,3,2,3,3,4,3,2,20,female,secondary school,village,yes,house/bungalow,173,55,1,5,2,2,1,2,2,1,1,5,4,5
5,3,4,4,5,4,4,5,2,5,4,4,5,1,1,1,3,20,male,secondary school,city,no,block of flats,185,86,1,4,3,3,4,2,1,3,3,4,3,4
5,5,1,5,3,1,2,5,3,5,5,5,4,4,5,3,4,20,male,college/bachelor degree,village,no,house/bungalow,180,75,2,5,1,1,1,1,1,5,1,5,1,5
5,3,2,2,4,3,2,5,5,2,3,5,3,2,2,2,2,19,female,secondary school,village,no,house/bungalow,175,76,1,3,2,2,2,3,1,1,1,5,1,2
5,4,5,3,3,3,3,5,5,1,4,3,3,4,2,3,2,23,female,college/bachelor degree,city,no,block of flats,172,64,1,5,2,1,2,1,1,1,1,5,2,3
5,3,3,3,2,3,2,5,5,4,4,3,3,3,3,2,3,20,female,college/bachelor degree,city,no,house/bungalow,165,48,1,4,4,2,3,2,2,2,1,5,2,2
4,3,2,4,3,1,4,5,3,3,3,4,1,5,5,5,5,17,male,primary school,city,no,block of flats,183,75,3,3,1,1,1,1,3,3,1,5,1,3
5,5,3,3,3,2,5,5,5,1,5,3,3,3,2,1,1,20,female,secondary school,village,no,house/bungalow,178,58,1,5,3,1,1,3,1,1,1,5,1,3
5,4,2,4,2,5,2,5,3,3,4,2,4,2,2,2,2,21,female,secondary school,city,no,house/bungalow,169,65,1,3,4,3,4,4,2,3,2,4,2,2
5,3,3,3,5,2,3,5,5,5,5,5,1,2,5,3,5,21,male,secondary school,city,no,house/bungalow,178,78,3,3,2,4,3,5,1,2,2,5,3,5
5,4,3,3,1,2,2,4,5,4,3,2,3,5,2,3,2,19,female,secondary school,city,no,block of flats,160,43,1,4,2,1,2,5,1,1,1,5,4,4
5,3,5,2,4,4,1,5,5,5,5,5,3,4,3,2,3,20,female,secondary school,village,yes,house/bungalow,175,75,0,3,2,3,2,4,1,1,2,5,3,3
5,3,5,5,3,2,5,5,3,5,5,5,1,2,5,2,4,19,male,college/bachelor degree,city,yes,block of flats,195,95,0,4,3,2,5,2,4,3,1,5,3,5
3,3,2,3,4,3,4,3,2,4,2,4,5,3,4,3,2,22,male,college/bachelor degree,city,no,block of flats,172,70,3,4,3,1,3,3,2,1,2,5,4,3
5,4,5,4,5,3,1,5,3,5,2,5,3,2,4,2,5,22,male,college/bachelor degree,city,no,block of flats,190,80,1,2,1,1,3,4,1,1,1,5,4,5
5,3,5,3,2,4,4,5,5,3,5,4,2,2,2,2,2,28,female,masters degree,city,no,block of flats,178,65,1,4,3,3,2,2,1,1,2,4,1,4
5,3,3,4,3,4,4,5,5,4,4,5,3,4,4,4,3,21,male,secondary school,city,no,block of flats,185,80,1,3,3,3,3,2,3,1,2,4,1,4
5,3,2,4,3,1,2,3,3,4,2,4,2,3,5,4,2,17,female,primary school,city,no,block of flats,165,65,3,2,1,1,1,1,4,5,1,4,5,3
5,3,2,1,4,5,1,5,5,2,5,3,2,4,3,4,2,21,female,secondary school,city,yes,block of flats,170,52,1,4,1,1,2,5,1,1,2,5,3,3
5,4,1,5,1,2,2,5,4,3,4,3,1,4,5,4,5,17,female,primary school,village,no,block of flats,173,66,1,1,1,1,3,4,5,5,2,5,3,4
5,3,3,5,1,4,1,4,2,5,2,4,2,4,4,3,4,28,male,masters degree,city,no,block of flats,182,88,1,3,2,3,3,4,4,3,2,5,4,4
4,3,4,1,4,5,1,5,2,4,4,4,4,4,1,3,5,20,female,college/bachelor degree,city,no,block of flats,160,55,1,3,3,2,1,5,1,1,2,3,1,1
5,3,2,5,2,4,1,5,3,1,3,2,4,1,2,2,1,21,female,secondary school,city,no,block of flats,172,52,1,2,3,1,4,3,3,2,2,4,4,4
5,3,3,4,2,1,1,2,3,3,3,2,2,2,4,4,2,23,male,college/bachelor degree,city,no,block of flats,189,87,1,2,3,1,5,1,1,4,3,4,2,3
5,5,1,4,1,1,1,5,1,4,4,3,1,2,2,1,1,17,male,primary school,village,yes,house/bungalow,168,67,1,1,1,1,1,3,4,5,1,5,5,3
5,4,5,5,4,3,3,5,3,3,5,5,3,4,2,3,3,19,male,secondary school,city,no,block of flats,178,68,1,4,2,2,2,2,2,3,2,5,4,4
4,3,3,4,4,5,3,5,4,3,4,4,5,3,2,2,5,19,male,secondary school,city,no,block of flats,170,80,1,4,2,3,2,1,2,4,2,5,3,4
5,4,5,4,4,2,3,5,3,4,5,5,2,3,4,3,3,19,male,secondary school,city,no,block of flats,184,84,1,5,3,4,2,2,3,3,1,5,4,5
5,3,4,4,5,1,4,4,4,1,5,2,3,4,4,2,2,18,female,secondary school,city,yes,block of flats,171,54,0,2,1,1,5,3,4,3,1,5,1,1
5,3,2,4,1,4,1,3,4,1,4,2,3,3,3,3,2,19,female,secondary school,village,no,block of flats,164,55,1,1,4,3,4,3,1,2,2,5,1,2
5,3,4,4,4,2,1,5,5,4,5,4,3,3,4,4,3,21,female,secondary school,city,no,block of flats,170,53,1,3,2,2,1,3,1,5,1,5,5,5
5,3,3,5,1,1,1,5,3,3,5,5,3,4,5,4,4,21,male,college/bachelor degree,village,no,house/bungalow,185,65,1,1,5,5,2,3,3,4,2,5,1,4
5,4,4,5,2,2,3,5,4,5,4,4,3,3,3,2,2,20,male,secondary school,city,no,house/bungalow,183,83,1,3,2,2,3,2,4,2,2,4,3,3
5,3,5,3,3,1,3,5,4,4,4,3,2,5,4,5,5,18,female,secondary school,city,yes,block of flats,168,57,0,3,2,1,1,1,1,1,1,5,4,4
5,3,3,4,4,5,5,4,4,3,5,5,3,3,5,5,5,23,male,secondary school,village,no,block of flats,172,110,2,5,1,1,3,2,3,3,3,3,4,4
5,2,3,4,5,4,3,4,3,2,5,3,2,3,4,4,3,18,female,secondary school,city,no,block of flats,162,58,1,3,2,2,2,1,3,1,1,5,4,2
5,3,4,4,1,2,5,5,5,4,5,4,5,5,5,4,4,22,female,secondary school,village,no,house/bungalow,164,64,1,4,1,1,3,2,1,1,1,5,1,3
3,3,3,5,1,4,4,5,1,4,4,5,3,1,3,2,2,19,male,secondary school,city,yes,block of flats,178,71,1,4,1,5,4,1,3,2,1,5,5,5
5,5,5,5,5,5,1,5,3,5,5,5,3,3,5,5,5,23,female,college/bachelor degree,city,yes,block of flats,173,65,0,5,4,2,5,5,1,1,5,5,5,5
5,1,3,3,3,3,2,4,2,2,3,4,2,2,3,2,4,27,male,secondary school,city,no,block of flats,175,83,4,3,3,1,5,4,2,2,5,5,2,4
5,3,4,4,4,2,2,4,1,2,1,3,1,2,5,3,5,20,male,secondary school,city,no,block of flats,183,75,2,2,1,1,5,2,1,3,1,5,2,2
5,3,5,4,3,3,4,5,5,5,5,5,3,4,5,3,2,18,female,primary school,city,no,block of flats,161,74,1,5,4,4,5,5,2,4,3,5,1,2
5,4,5,2,4,5,2,5,5,3,5,4,4,3,3,3,4,19,female,secondary school,city,yes,block of flats,163,50,1,5,3,2,3,3,1,3,1,5,2,3
5,3,3,3,4,3,4,4,4,2,5,2,4,3,3,3,3,22,female,secondary school,village,no,block of flats,162,60,0,4,2,2,1,1,2,1,2,5,4,4
4,4,3,5,4,3,2,4,2,5,5,5,3,4,4,2,4,19,male,secondary school,city,yes,block of flats,172,68,0,3,1,1,2,2,5,5,1,5,3,4
5,4,4,3,5,2,4,4,2,2,3,4,2,2,4,2,2,17,male,primary school,village,no,house/bungalow,178,80,1,4,3,2,2,2,3,2,2,4,2,3
5,4,4,3,2,3,1,5,3,3,4,5,2,3,2,2,4,21,male,secondary school,city,no,block of flats,180,67,2,3,5,3,1,1,1,1,1,5,1,1
5,3,4,3,4,3,2,4,5,2,4,2,3,5,3,4,3,19,female,secondary school,village,no,house/bungalow,170,63,1,3,4,2,4,4,2,2,3,4,1,2
5,3,1,5,1,1,1,5,3,3,4,5,3,3,3,2,4,18,male,primary school,city,no,block of flats,178,70,1,2,1,2,1,1,5,3,1,5,3,3
5,4,5,5,5,1,1,5,5,5,1,1,2,5,4,4,5,21,female,college/bachelor degree,city,no,house/bungalow,173,53,3,5,2,2,4,3,4,5,1,5,1,3
5,3,4,3,5,3,3,5,3,5,5,5,4,2,3,2,3,17,male,secondary school,city,no,block of flats,175,76,2,3,3,3,3,3,2,2,3,5,3,3
4,3,3,3,2,3,3,4,2,5,2,4,4,5,2,4,3,22,male,secondary school,city,yes,house/bungalow,180,89,0,4,4,2,5,5,2,2,5,4,1,3
5,4,3,2,4,4,5,5,1,4,3,5,4,4,5,4,4,23,male,secondary school,village,yes,house/bungalow,179,77,1,4,2,1,4,4,1,1,3,4,1,4
5,4,4,3,3,5,2,5,5,4,3,3,3,2,4,4,3,23,female,masters degree,city,no,block of flats,158,64,3,5,5,2,2,5,1,1,2,5,3,3
5,3,4,2,4,2,3,5,2,5,5,5,3,4,3,3,4,20,male,secondary school,city,no,house/bungalow,188,79,1,4,1,1,1,2,1,1,1,5,5,5
4,3,5,4,1,2,1,5,2,4,3,5,4,2,3,1,4,21,male,secondary school,city,yes,block of flats,193,75,0,3,2,1,3,1,1,1,1,5,1,2
5,3,3,5,1,4,1,5,2,3,5,4,5,2,3,2,2,22,female,college/bachelor degree,village,yes,block of flats,165,52,0,3,2,2,3,2,5,2,4,5,4,4
4,3,5,3,3,4,3,4,4,2,2,4,4,3,2,4,2,24,male,secondary school,village,no,house/bungalow,178,80,2,4,3,2,3,2,2,1,2,4,3,4
5,3,3,5,3,2,4,4,4,2,4,2,3,4,3,4,2,19,female,secondary school,village,no,house/bungalow,174,70,1,3,2,2,2,2,3,4,1,5,1,2
5,3,2,2,5,2,4,5,2,4,5,3,4,2,4,1,1,22,male,secondary school,city,no,block of flats,176,74,3,5,2,2,3,2,2,1,1,5,2,2
5,4,3,1,2,1,2,4,3,2,4,3,2,4,4,4,3,19,female,secondary school,city,yes,block of flats,165,70,1,3,1,1,2,3,1,1,1,3,4,4
5,4,4,4,3,1,2,5,3,3,3,3,4,4,3,3,1,21,female,secondary school,city,no,house/bungalow,162,52,1,3,2,2,1,3,1,1,2,4,2,3
5,3,2,5,5,3,4,5,3,2,3,2,3,2,3,2,2,20,female,secondary school,city,no,block of flats,173,50,1,1,2,1,3,1,5,5,4,5,2,3
5,3,2,5,1,1,1,5,4,5,4,2,2,1,5,3,4,20,female,secondary school,city,no,block of flats,164,60,2,2,1,2,2,2,3,2,1,4,5,3
5,3,1,2,5,2,1,5,2,2,2,2,4,1,2,1,3,23,male,secondary school,city,no,block of flats,172,77,1,2,1,1,5,3,1,3,2,3,2,2
5,3,3,3,2,5,2,3,2,2,3,3,3,3,3,3,3,23,female,secondary school,city,no,block of flats,170,60,1,3,2,2,2,3,3,1,2,3,3,4
5,3,3,3,4,4,4,5,5,4,2,4,3,4,2,4,1,22,female,college/bachelor degree,city,no,block of flats,165,57,2,3,3,3,2,3,1,1,3,4,2,2
3,1,4,4,1,3,1,4,4,2,2,1,4,4,1,2,4,28,female,masters degree,city,no,block of flats,166,60,1,2,4,2,5,5,2,2,5,4,5,5
4,3,5,4,3,4,1,4,4,1,3,1,4,2,3,3,1,22,female,secondary school,city,no,block of flats,170,52,2,2,2,1,3,4,2,1,4,4,3,3
5,4,3,5,4,3,1,4,3,1,5,2,3,3,2,4,3,18,male,college/bachelor degree,city,no,block of flats,173,67,1,3,3,1,3,1,3,3,1,4,1,4
5,3,5,4,2,3,3,5,5,2,5,3,3,5,3,3,3,25,female,secondary school,city,no,house/bungalow,165,75,1,3,3,3,3,5,2,1,2,5,2,3
5,3,2,5,1,4,1,5,4,3,5,3,3,1,1,1,4,23,female,college/bachelor degree,city,no,block of flats,162,65,1,2,3,3,3,3,5,4,5,3,4,2
5,3,1,5,3,2,3,5,5,3,5,1,4,1,2,1,1,21,female,secondary school,city,yes,block of flats,185,70,0,2,2,1,2,2,2,5,1,5,5,3
5,4,5,5,5,5,5,5,4,3,5,3,3,3,3,3,1,25,female,college/bachelor degree,city,no,block of flats,160,55,1,4,3,4,2,4,2,3,1,5,5,4
5,5,3,5,4,4,4,4,4,3,4,4,3,2,3,2,3,28,female,masters degree,city,no,block of flats,180,70,1,4,3,2,4,4,5,4,4,4,1,4
4,4,4,4,3,2,5,4,2,4,4,5,1,4,4,4,4,19,male,secondary school,village,no,house/bungalow,172,75,4,4,2,3,3,3,3,4,2,5,2,4
5,5,5,4,4,4,1,5,4,2,3,2,2,5,3,3,3,28,female,secondary school,village,no,house/bungalow,165,57,1,5,1,1,2,3,1,2,1,5,2,4
5,4,4,5,3,4,1,5,5,1,5,1,4,3,2,3,1,18,female,secondary school,city,no,block of flats,165,48,2,4,3,1,3,4,1,5,1,5,3,5
5,3,4,4,4,4,3,5,4,3,5,5,4,5,3,4,3,18,male,secondary school,city,no,house/bungalow,174,64,1,3,1,2,2,1,1,2,2,5,3,3
5,4,2,4,3,3,3,4,2,4,3,4,3,4,5,3,4,18,male,secondary school,city,no,block of flats,182,63,1,4,1,2,3,2,1,3,2,5,2,4
5,3,3,4,4,4,2,5,4,3,4,2,2,4,4,5,4,17,female,college/bachelor degree,city,yes,house/bungalow,168,70,0,4,2,2,2,3,4,2,2,5,3,4
5,3,4,5,4,2,2,5,3,5,4,5,3,5,5,4,3,21,male,college/bachelor degree,city,yes,block of flats,168,62,1,2,3,3,3,3,5,4,2,5,2,5
5,3,3,5,3,5,4,5,3,4,4,4,3,2,3,2,4,21,male,college/bachelor degree,city,no,house/bungalow,187,73,4,3,3,4,5,2,4,2,3,5,4,5
5,4,5,4,5,4,3,5,5,3,5,5,3,3,3,3,2,23,female,college/bachelor degree,city,yes,house/bungalow,167,70,0,4,2,2,3,5,2,2,4,4,1,1
5,3,4,5,3,3,1,5,4,2,3,5,2,3,2,4,2,20,female,secondary school,city,no,block of flats,168,76,1,3,1,1,3,3,3,5,2,5,2,4
5,3,5,3,3,5,2,5,3,1,5,1,2,4,3,4,2,20,female,secondary school,city,no,block of flats,170,50,1,4,3,1,2,3,1,2,1,5,2,1
5,3,1,4,4,4,1,2,5,1,5,5,4,3,3,3,2,26,female,college/bachelor degree,village,no,house/bungalow,168,65,3,3,3,2,1,1,2,1,1,5,3,3
5,5,2,2,2,3,5,3,4,5,5,5,4,3,3,2,3,21,female,college/bachelor degree,city,no,block of flats,175,70,1,5,4,3,4,2,1,1,4,5,1,5
5,2,4,5,1,3,1,5,2,5,5,5,3,3,5,3,5,19,male,secondary school,city,no,block of flats,185,83,2,1,3,3,5,2,5,2,4,4,3,5
5,3,5,5,4,5,2,5,5,2,4,3,3,4,5,4,3,21,female,secondary school,village,no,house/bungalow,171,60,2,4,2,1,2,4,1,2,1,5,1,3
5,4,3,5,3,3,3,5,4,4,5,4,3,4,4,3,3,22,female,college/bachelor degree,village,no,block of flats,172,60,1,5,1,2,4,3,3,4,2,5,3,3
5,3,3,4,2,2,2,4,3,2,2,3,4,2,2,2,2,21,female,secondary school,village,no,house/bungalow,162,51,1,2,2,1,3,4,5,2,4,3,3,4
5,3,3,5,4,4,2,5,4,2,4,3,2,3,5,4,4,17,female,college/bachelor degree,city,yes,house/bungalow,167,70,0,3,2,2,2,2,5,3,2,5,3,4
4,4,5,4,4,2,1,5,4,4,5,5,4,4,3,4,1,20,female,secondary school,city,no,block of flats,163,52,1,4,3,3,2,2,1,2,1,5,5,5
4,3,4,4,2,4,1,2,4,2,4,3,4,3,1,2,1,22,female,secondary school,village,no,block of flats,170,55,1,3,3,4,2,2,2,3,1,3,1,2
5,3,3,4,4,4,2,4,4,1,1,2,1,1,4,3,5,19,female,college/bachelor degree,village,no,house/bungalow,168,60,2,3,4,4,3,3,1,5,2,3,3,3
5,3,3,5,4,3,3,5,4,3,5,2,5,3,3,3,4,25,female,masters degree,village,yes,house/bungalow,164,63,0,5,3,3,1,3,1,1,1,5,2,3
4,3,2,5,1,3,1,4,3,5,5,4,3,4,3,1,5,29,male,secondary school,village,no,house/bungalow,183,111,1,2,3,3,3,4,5,4,3,5,2,4
5,3,2,3,4,2,3,4,4,4,3,4,5,5,2,2,3,29,male,secondary school,village,no,house/bungalow,173,81,2,2,4,5,5,3,2,1,3,4,4,4
5,3,4,4,1,1,1,4,3,3,3,3,3,3,4,3,3,17,female,primary school,city,no,block of flats,173,54,1,1,1,1,4,3,2,1,1,5,3,3
4,3,5,3,2,2,3,3,3,3,3,4,2,2,2,1,2,19,male,secondary school,city,no,block of flats,185,75,2,3,1,3,3,1,3,2,1,5,3,5
4,3,3,2,4,4,2,4,4,3,5,4,4,4,1,3,5,18,female,secondary school,city,no,block of flats,170,75,2,4,2,1,5,3,4,2,4,5,1,5
5,3,4,4,1,3,1,4,3,1,3,4,4,3,3,3,1,20,female,college/bachelor degree,city,no,block of flats,174,60,3,3,5,1,5,3,1,1,2,4,1,1
4,3,5,3,3,5,2,5,5,3,4,3,3,3,2,2,2,19,female,primary school,city,no,block of flats,180,70,1,5,3,3,2,5,2,2,3,5,3,4
5,4,4,2,4,3,3,4,1,3,1,3,1,3,5,3,5,19,male,secondary school,village,yes,house/bungalow,176,66,0,4,2,2,4,1,1,1,1,5,1,2
5,2,5,5,2,5,5,5,3,2,4,5,3,3,4,5,5,19,male,secondary school,village,yes,house/bungalow,175,80,1,2,1,3,1,1,3,3,1,3,3,3
5,4,5,2,5,2,3,5,3,1,4,5,1,5,5,5,5,18,female,primary school,village,no,house/bungalow,180,75,1,5,1,3,2,5,1,1,1,5,5,3
5,3,4,4,4,3,2,5,3,1,4,2,4,2,4,4,4,18,female,college/bachelor degree,city,no,block of flats,163,57,1,3,2,2,3,2,1,2,2,5,4,4
5,4,3,3,4,3,2,5,4,4,2,5,3,2,2,2,2,19,female,secondary school,village,yes,block of flats,170,63,0,2,1,1,4,2,2,2,2,4,2,2
5,3,3,2,1,4,1,4,3,4,5,3,5,2,1,1,1,19,female,secondary school,city,no,block of flats,168,56,3,3,4,5,5,5,2,1,5,4,1,3
5,1,3,4,1,4,3,3,4,3,5,3,3,3,2,3,3,21,female,college/bachelor degree,city,yes,block of flats,180,61,0,3,2,1,3,4,2,1,2,5,2,4
5,5,4,5,1,3,3,5,2,5,5,5,4,2,5,3,4,23,male,college/bachelor degree,city,yes,block of flats,165,60,0,3,3,4,4,4,5,3,4,5,5,4
4,3,4,4,5,3,2,5,2,4,3,5,3,4,4,4,4,17,male,secondary school,city,no,house/bungalow,182,84,1,5,2,2,2,2,2,1,1,5,3,5
5,3,3,3,1,4,1,4,4,2,4,3,3,1,4,3,1,18,female,secondary school,city,no,block of flats,173,65,3,3,5,1,5,3,1,1,5,5,1,1
5,3,2,4,3,5,5,5,4,3,5,5,1,4,5,4,4,26,male,masters degree,village,no,house/bungalow,183,90,5,1,3,4,5,3,2,1,2,5,2,3
2,3,2,4,3,2,1,4,5,2,4,2,1,1,4,5,5,22,male,college/bachelor degree,city,yes,block of flats,186,65,0,2,2,2,2,2,4,4,1,1,1,1
5,3,4,2,5,3,3,3,3,3,5,4,4,3,2,4,5,18,female,secondary school,city,no,block of flats,170,75,2,4,3,1,5,4,4,3,5,5,1,4
5,3,1,5,1,1,1,5,3,5,3,4,3,3,2,3,2,17,male,secondary school,city,yes,house/bungalow,175,64,0,2,4,4,1,1,3,3,1,5,1,1
5,3,3,3,5,5,1,5,4,4,5,3,4,3,3,3,3,22,female,college/bachelor degree,city,no,block of flats,175,86,6,5,5,2,5,3,1,1,4,4,3,4
5,3,5,5,1,4,2,5,5,5,2,5,4,4,4,4,1,21,female,secondary school,city,no,block of flats,168,49,1,2,4,1,5,5,3,4,5,5,2,2
5,4,5,3,4,5,4,4,5,1,3,2,1,5,3,5,2,21,female,college/bachelor degree,village,no,house/bungalow,162,51,3,5,2,1,3,4,1,3,2,4,1,2
5,3,3,4,1,3,1,4,3,2,5,2,2,2,5,2,1,19,female,secondary school,village,no,house/bungalow,171,49,3,3,2,2,4,3,2,2,2,5,2,2
4,4,4,3,4,4,3,4,4,5,2,5,1,2,5,4,4,26,male,college/bachelor degree,city,yes,house/bungalow,186,98,1,2,1,3,2,1,2,3,3,4,3,4
5,3,2,3,5,5,5,3,5,1,3,2,4,4,5,4,2,19,female,college/bachelor degree,village,no,house/bungalow,159,52,3,5,3,3,5,5,1,2,3,5,1,3
5,5,3,1,3,1,5,5,3,5,5,5,3,4,3,3,3,20,male,college/bachelor degree,village,no,house/bungalow,197,100,1,4,1,1,2,1,1,1,1,5,5,5
5,3,5,5,2,2,3,4,4,4,4,3,4,4,4,4,3,25,female,college/bachelor degree,city,yes,house/bungalow,167,49,1,5,2,2,2,2,4,4,2,5,3,4
5,4,4,1,5,1,2,5,1,3,1,5,1,2,5,3,5,23,male,secondary school,city,no,block of flats,192,86,1,3,1,1,1,1,1,2,1,5,4,3
5,3,3,3,4,1,3,5,3,2,2,5,2,4,5,5,5,24,male,college/bachelor degree,city,yes,house/bungalow,190,84,1,4,1,1,1,1,1,3,1,5,5,5
5,2,5,3,2,4,1,5,4,2,4,3,4,5,2,3,1,19,female,college/bachelor degree,village,no,house/bungalow,172,50,2,3,1,2,3,4,1,2,3,5,1,2
5,3,4,5,2,2,2,5,2,5,4,5,4,2,3,2,2,18,male,secondary school,village,no,house/bungalow,186,76,1,2,1,2,4,3,5,5,1,5,3,3
4,3,4,3,5,3,3,5,3,1,3,5,2,3,4,4,5,26,male,masters degree,city,no,block of flats,185,92,1,3,1,2,3,1,2,2,1,4,5,5
3,3,3,3,3,3,3,5,5,5,5,5,4,4,4,4,4,19,female,secondary school,city,yes,block of flats,167,63,0,3,3,3,3,3,3,3,3,5,5,5
1,1,1,1,1,1,1,3,2,2,5,3,3,4,4,3,2,16,female,college/bachelor degree,city,no,house/bungalow,170,54,2,1,1,1,1,1,1,1,1,4,4,3
5,2,3,5,2,2,1,3,2,5,3,5,4,2,4,3,3,18,male,secondary school,city,yes,block of flats,174,64,0,2,4,4,4,2,5,4,4,5,1,4
5,4,4,2,4,4,1,5,4,4,3,3,3,4,2,2,2,20,female,secondary school,city,no,house/bungalow,170,53,1,3,1,2,4,3,1,1,2,5,3,3
5,4,3,5,4,4,2,5,5,5,5,5,3,3,4,4,4,17,female,college/bachelor degree,city,yes,house/bungalow,168,70,0,4,2,2,2,2,5,3,2,5,5,5
3,3,2,2,2,3,1,4,3,3,2,4,2,1,3,3,3,20,female,secondary school,city,yes,block of flats,171,62,0,2,1,1,4,3,1,1,4,4,1,1
5,3,3,4,4,4,5,5,5,3,5,3,1,5,5,5,5,19,female,college/bachelor degree,city,no,block of flats,165,51,3,2,1,1,4,3,1,2,4,5,2,3
5,3,3,3,4,2,3,5,3,1,5,3,2,5,5,5,3,17,female,secondary school,village,yes,house/bungalow,167,48,0,3,3,4,4,4,2,2,3,5,1,1
5,3,4,4,3,4,4,5,5,3,4,4,3,5,3,3,3,18,male,secondary school,city,no,block of flats,174,64,1,3,1,2,2,3,1,2,2,5,3,4
4,2,3,3,1,3,2,4,3,2,5,2,2,1,1,2,1,20,female,secondary school,city,no,block of flats,171,63,1,4,1,2,3,2,1,1,3,4,4,2
5,3,3,5,2,4,2,5,3,5,4,4,4,4,4,4,4,17,female,secondary school,village,no,house/bungalow,170,55,3,2,3,4,4,4,5,5,3,5,5,4
4,3,4,3,3,3,4,5,4,3,5,4,2,2,5,3,3,19,male,secondary school,city,no,block of flats,190,80,1,4,3,1,4,4,1,1,3,5,1,4
5,3,5,2,5,3,3,5,4,3,5,4,2,4,5,5,5,16,male,primary school,city,no,block of flats,177,70,1,2,2,1,2,4,2,1,1,5,3,3
5,3,3,2,4,3,3,3,2,3,4,3,1,4,2,5,1,19,female,secondary school,city,no,block of flats,162,52,1,3,1,1,3,1,1,1,2,5,2,2
5,4,3,4,4,3,3,4,4,2,1,5,3,4,4,4,4,21,male,masters degree,village,no,house/bungalow,192,93,1,3,2,2,3,1,3,2,1,3,2,4
2,3,3,2,5,4,4,5,2,4,3,4,4,3,4,2,4,24,male,doctorate degree,city,no,house/bungalow,185,120,2,3,1,2,3,3,4,2,2,5,5,5
4,5,5,2,5,1,1,5,2,4,2,5,5,3,2,1,5,23,male,secondary school,city,no,block of flats,190,95,1,3,1,1,1,1,1,1,1,5,5,5
5,1,1,5,1,5,1,2,4,2,4,2,5,5,5,5,5,30,female,secondary school,city,yes,block of flats,173,69,0,5,1,5,1,5,1,5,5,4,2,4
3,5,5,1,4,4,2,4,5,3,3,3,4,4,2,5,4,27,male,doctorate degree,city,no,house/bungalow,189,113,3,3,2,2,4,3,4,3,3,3,3,4
5,1,2,2,5,1,3,3,4,5,3,5,3,4,4,4,4,19,male,secondary school,city,no,block of flats,185,65,1,5,1,2,3,4,1,1,1,5,3,4
5,3,4,5,3,2,2,4,1,1,3,5,3,1,2,3,3,18,female,secondary school,city,no,block of flats,160,55,2,3,2,1,4,3,3,3,2,5,4,5
5,3,2,4,1,2,2,4,3,4,4,3,4,3,2,3,4,18,male,secondary school,city,yes,block of flats,203,89,2,1,2,3,4,5,5,4,4,5,1,1
5,3,4,3,4,1,1,5,4,2,5,5,5,5,2,4,2,17,male,secondary school,city,no,block of flats,185,70,2,4,1,1,2,4,1,4,1,5,4,4
5,5,5,4,5,2,4,5,4,4,5,4,4,3,3,3,3,19,female,secondary school,city,yes,block of flats,172,60,0,5,3,2,2,2,4,3,2,5,3,3
5,1,5,5,4,2,2,5,5,2,5,5,1,1,1,1,1,21,female,secondary school,village,no,house/bungalow,173,62,1,4,1,1,4,4,3,4,2,5,5,4
5,4,5,5,3,3,3,3,3,2,5,2,3,5,4,5,2,17,female,primary school,city,no,block of flats,165,53,3,4,3,1,3,5,5,5,3,2,2,2
3,3,3,2,1,1,1,5,4,4,4,5,3,4,3,4,4,20,male,secondary school,city,yes,block of flats,187,95,0,1,3,3,5,5,2,2,4,5,1,2
5,4,5,5,3,2,3,5,2,3,5,5,2,3,4,4,2,20,male,college/bachelor degree,city,no,block of flats,181,73,1,3,1,2,3,2,3,4,1,5,5,5
4,3,2,2,4,1,1,5,5,3,2,5,2,5,5,5,2,18,male,secondary school,city,yes,block of flats,176,76,0,4,1,1,2,1,2,1,1,4,3,1
5,3,1,5,1,2,1,5,4,5,5,5,1,1,5,3,2,20,male,college/bachelor degree,city,no,house/bungalow,180,90,1,2,3,4,5,5,5,3,5,5,3,5
5,3,3,5,3,2,1,4,3,4,3,2,4,2,3,2,2,20,male,secondary school,city,no,block of flats,178,66,1,2,3,3,4,2,4,4,4,4,3,4
5,4,1,1,2,1,1,4,4,1,1,4,1,5,5,5,2,17,female,secondary school,city,no,block of flats,175,60,1,1,1,1,1,1,1,1,1,5,2,1
5,4,4,5,4,4,3,5,4,4,5,1,2,5,4,4,1,21,male,secondary school,city,yes,block of flats,180,63,0,3,3,1,4,3,5,5,2,5,5,1
3,4,5,5,5,1,1,4,5,3,5,3,3,1,4,5,5,23,male,primary school,city,yes,block of flats,170,70,0,1,1,1,1,2,2,2,2,3,3,2
4,4,4,4,2,1,4,5,1,2,4,5,2,2,3,3,3,24,male,secondary school,village,no,house/bungalow,178,80,2,3,3,1,4,1,4,3,1,3,5,5
5,5,4,2,3,5,2,4,2,2,2,2,4,2,2,2,4,17,female,secondary school,city,yes,block of flats,160,48,0,3,1,2,2,1,1,2,1,4,1,1
5,3,3,5,4,3,1,5,5,3,2,2,2,2,4,3,1,18,female,secondary school,city,no,block of flats,162,55,1,2,2,2,4,5,2,2,4,5,1,2
5,3,4,5,1,2,1,5,4,5,5,5,1,3,4,3,5,17,male,secondary school,city,no,house/bungalow,185,99,1,2,2,2,5,4,5,5,4,5,3,5
5,4,5,4,5,4,1,4,2,3,4,3,4,3,5,3,1,19,female,secondary school,city,no,block of flats,175,60,1,3,1,1,2,3,1,3,2,3,2,2
5,2,3,2,5,3,3,5,3,2,2,5,2,4,1,5,1,21,male,secondary school,city,yes,block of flats,188,81,0,3,2,2,3,1,1,1,1,4,5,4
5,3,3,5,1,2,1,4,2,1,5,3,4,1,3,3,3,29,female,college/bachelor degree,city,no,house/bungalow,170,58,1,1,1,2,5,1,3,2,5,5,1,3
5,3,4,5,3,4,1,4,4,1,4,2,1,4,3,2,1,20,female,secondary school,village,no,house/bungalow,158,55,1,3,3,1,4,4,3,3,4,5,2,2
5,3,4,5,2,2,1,4,4,3,2,1,1,3,4,4,1,20,female,secondary school,city,no,block of flats,168,55,1,3,4,3,4,5,3,3,2,4,1,2
5,3,3,5,3,2,1,5,3,5,4,5,3,2,1,2,4,20,female,college/bachelor degree,city,yes,block of flats,162,50,0,1,2,2,5,4,5,4,3,5,3,4
3,3,3,4,1,2,2,5,3,2,2,3,4,4,5,5,5,19,male,secondary school,city,yes,block of flats,193,77,1,2,1,1,4,3,1,1,4,5,2,2
4,3,3,5,2,2,2,4,3,4,3,4,2,3,4,2,2,21,male,secondary school,city,no,block of flats,179,76,1,4,3,2,4,4,4,2,3,5,3,4
4,3,5,4,1,3,1,5,4,4,3,5,3,2,3,3,5,19,male,secondary school,city,yes,block of flats,190,76,0,3,2,2,2,3,1,1,1,5,1,3
5,3,4,5,4,1,1,5,4,4,4,3,1,5,5,5,5,19,male,secondary school,city,yes,block of flats,187,88,0,2,1,1,2,3,5,5,3,5,2,2
5,5,5,4,4,4,2,5,3,2,5,4,3,4,4,4,4,21,female,college/bachelor degree,city,yes,block of flats,170,58,0,4,1,1,1,2,1,1,1,5,5,4
4,3,4,3,3,4,1,4,4,3,5,2,2,4,4,4,3,23,female,masters degree,city,no,block of flats,163,68,1,4,2,1,2,4,1,2,2,5,4,3
5,4,5,5,4,4,1,4,3,1,3,3,4,4,2,3,2,24,female,college/bachelor degree,city,no,house/bungalow,169,53,1,2,3,3,1,4,1,1,2,4,4,5
5,4,2,3,2,3,4,5,5,1,2,5,2,4,4,4,4,30,male,masters degree,city,no,block of flats,184,78,2,2,5,4,5,5,2,3,5,5,5,3
5,3,4,2,4,3,5,5,5,5,4,3,4,4,4,4,4,23,female,secondary school,city,no,block of flats,171,54,4,5,2,2,3,3,1,1,3,5,3,3
5,2,3,5,1,1,2,3,4,4,2,3,3,4,5,5,5,19,male,college/bachelor degree,city,no,block of flats,184,60,4,2,1,1,3,1,3,4,1,3,1,2
4,3,4,2,4,1,1,5,2,3,5,4,5,5,2,3,3,17,female,secondary school,city,yes,block of flats,175,68,0,4,1,2,3,4,1,1,1,5,1,4
5,4,2,2,5,3,3,5,2,5,3,5,4,4,4,4,4,19,male,secondary school,village,no,house/bungalow,175,75,2,2,1,2,2,1,1,1,1,5,3,5
5,2,3,3,5,2,1,5,5,3,2,4,2,5,5,4,3,27,male,college/bachelor degree,city,yes,block of flats,180,75,0,4,2,1,1,2,1,1,1,4,3,3
5,4,5,4,5,4,4,5,3,4,4,5,3,1,4,4,5,19,male,college/bachelor degree,city,no,house/bungalow,180,90,1,5,3,3,3,2,3,4,2,5,3,4
5,3,4,5,3,4,3,3,2,4,2,5,2,5,4,5,2,17,female,secondary school,city,no,block of flats,156,51,1,3,2,1,3,4,3,3,3,5,2,3
5,4,4,3,2,2,5,5,3,4,5,4,4,5,2,3,5,20,male,secondary school,village,no,block of flats,192,80,1,4,2,3,3,5,1,2,2,5,4,4
5,3,4,3,5,3,4,5,1,2,4,4,2,5,5,5,4,20,male,secondary school,city,no,block of flats,190,125,1,4,4,2,3,3,2,2,2,5,4,4
5,3,3,4,4,2,5,4,3,5,4,4,2,3,5,3,3,20,male,secondary school,city,no,block of flats,182,88,2,4,3,3,3,3,4,3,3,5,4,4
5,5,3,2,2,1,5,5,2,4,4,4,3,5,2,4,4,21,male,secondary school,village,no,block of flats,195,82,1,3,2,2,4,4,1,1,2,5,4,3
5,3,3,5,4,2,3,5,4,5,5,4,2,1,4,2,2,20,male,secondary school,village,no,house/bungalow,185,85,1,3,2,3,3,4,4,4,3,5,3,5
4,2,3,4,4,3,2,4,3,4,3,2,4,3,4,3,2,17,female,secondary school,city,no,block of flats,182,79,2,4,3,2,3,4,2,3,2,5,4,4
4,3,2,5,3,1,1,4,2,4,3,4,1,1,4,2,3,23,male,college/bachelor degree,city,no,block of flats,185,90,1,2,3,3,4,4,4,4,3,3,1,3
5,3,4,3,1,4,1,5,3,2,4,4,4,3,3,3,4,25,female,masters degree,city,no,block of flats,172,56,1,4,2,4,2,3,1,1,1,5,1,2
5,3,4,5,2,2,1,4,4,1,5,2,5,4,5,5,3,18,female,secondary school,city,no,block of flats,170,54,1,2,1,2,5,4,3,3,1,5,2,2
5,4,5,3,3,3,4,4,4,2,4,2,4,4,3,3,2,25,female,masters degree,city,no,house/bungalow,168,63,1,4,2,1,2,1,3,2,1,5,3,3
5,3,3,5,2,1,4,4,3,4,3,4,3,3,4,3,2,20,male,secondary school,village,no,house/bungalow,182,73,1,2,3,1,3,3,3,2,1,5,2,4
5,3,3,2,3,5,3,4,4,2,3,4,4,5,3,4,2,18,female,secondary school,city,no,house/bungalow,162,54,1,5,1,1,1,2,1,2,1,5,4,4
5,3,4,1,5,3,3,5,4,5,5,4,5,4,4,4,3,19,male,secondary school,city,yes,block of flats,182,72,1,3,1,2,3,1,1,1,1,5,2,3
5,3,1,5,3,2,1,3,3,1,4,5,4,3,4,3,3,22,male,secondary school,city,no,house/bungalow,189,89,2,1,3,5,3,1,3,4,1,5,1,3
4,2,4,4,5,2,4,5,4,2,4,4,4,2,4,5,5,26,male,secondary school,city,yes,house/bungalow,182,76,3,2,2,2,4,5,2,2,3,5,4,4
4,5,2,4,2,2,5,5,1,4,2,5,2,1,4,4,4,23,male,secondary school,city,yes,block of flats,185,87,0,5,1,4,2,1,5,3,2,5,5,5
5,3,3,2,4,5,4,4,4,3,3,5,4,5,4,4,2,18,female,secondary school,city,no,house/bungalow,162,54,1,5,1,2,1,2,1,3,1,5,4,4
5,3,4,5,1,2,1,5,5,1,5,2,4,4,5,5,3,18,female,secondary school,city,no,block of flats,170,54,1,1,1,3,5,5,2,2,1,5,2,1
5,3,4,3,2,4,3,5,5,5,4,4,4,2,3,2,4,19,female,secondary school,village,no,house/bungalow,168,57,2,3,1,1,2,3,1,1,1,5,2,3
5,3,4,5,3,1,4,5,5,3,5,5,1,5,4,5,5,19,female,college/bachelor degree,city,no,house/bungalow,175,58,1,4,2,1,4,1,3,4,1,5,1,2
5,5,3,4,1,1,2,2,1,5,2,5,2,1,4,2,5,21,male,secondary school,city,no,block of flats,187,85,1,3,2,1,3,1,5,4,1,5,5,5
5,3,4,4,2,5,2,5,5,1,1,2,2,4,4,4,3,20,female,college/bachelor degree,city,no,house/bungalow,175,58,1,3,2,1,2,2,3,2,2,5,4,5
5,3,4,3,4,1,4,5,3,5,2,5,3,4,4,5,5,20,male,secondary school,city,no,block of flats,180,57,1,5,1,2,3,2,1,1,1,5,2,2
5,3,3,5,3,2,1,5,3,2,4,3,3,2,5,2,4,19,male,secondary school,city,yes,block of flats,181,70,1,3,3,2,2,3,3,2,2,5,2,3
5,4,3,5,2,2,1,5,5,4,5,2,4,4,4,4,4,19,female,secondary school,city,no,house/bungalow,158,45,2,3,1,1,2,3,3,2,1,5,2,3
5,3,2,5,1,3,1,3,2,2,2,3,4,4,5,2,3,22,male,college/bachelor degree,village,no,house/bungalow,174,83,1,2,3,4,3,4,3,3,2,5,4,4
5,3,4,3,3,3,2,2,3,2,2,2,2,4,2,4,3,23,male,college/bachelor degree,city,no,block of flats,183,85,2,2,2,3,1,2,1,2,3,4,2,3
5,2,3,3,2,3,1,5,5,4,3,5,3,3,4,4,3,21,male,secondary school,city,no,block of flats,176,80,1,2,1,2,3,4,1,1,3,4,2,4
4,3,3,3,1,2,1,5,5,4,2,4,4,4,2,1,1,22,female,secondary school,city,no,block of flats,173,50,1,1,2,2,2,2,1,2,2,5,2,4
5,5,1,5,2,3,1,5,1,5,4,3,4,1,3,1,1,19,male,college/bachelor degree,city,no,block of flats,188,75,1,2,4,3,2,1,5,4,1,3,2,2
3,3,5,3,2,5,1,4,5,3,4,3,3,5,3,3,3,24,female,college/bachelor degree,city,no,block of flats,160,55,1,2,1,2,2,5,1,1,2,5,2,3
5,3,4,4,5,2,3,5,4,5,4,5,4,4,4,4,4,23,male,college/bachelor degree,city,no,block of flats,170,63,1,4,3,3,2,2,1,3,2,5,3,4
5,3,2,1,2,5,5,3,1,4,5,2,2,2,5,2,1,21,female,secondary school,city,no,block of flats,164,52,2,5,3,1,5,5,1,1,4,5,5,3
5,4,5,3,3,3,1,5,5,2,5,4,1,4,4,4,4,22,female,secondary school,city,no,block of flats,167,50,1,4,3,2,2,3,2,3,1,4,2,2
5,3,4,3,4,2,2,2,2,4,3,3,4,3,5,4,4,28,female,masters degree,city,no,block of flats,166,58,2,4,3,2,3,4,2,3,3,3,4,2
5,4,4,5,4,4,1,5,5,2,5,5,4,5,4,4,2,18,female,secondary school,city,yes,block of flats,165,48,0,2,1,1,3,4,1,1,2,5,1,4
5,3,3,4,1,2,3,2,2,2,4,4,4,4,2,3,2,21,female,secondary school,city,yes,block of flats,164,52,1,4,4,2,4,3,1,3,4,5,2,3
5,4,3,5,2,5,2,3,2,4,3,2,1,1,3,2,2,20,female,secondary school,city,no,block of flats,171,57,1,2,3,1,5,3,4,4,4,5,1,4
4,4,4,4,4,3,4,5,4,4,5,2,5,4,3,3,2,18,female,primary school,city,no,house/bungalow,170,65,1,5,2,3,1,3,3,1,1,5,4,4
4,3,3,5,1,1,1,4,2,2,1,3,1,1,3,1,4,21,male,secondary school,city,no,block of flats,175,55,1,2,2,1,3,1,4,4,1,5,1,4
5,4,2,5,2,2,3,4,3,3,2,4,2,3,3,3,3,20,male,college/bachelor degree,village,no,house/bungalow,185,80,1,2,2,2,3,2,4,4,2,5,3,4
5,1,3,4,3,5,1,4,5,3,4,3,2,3,4,4,3,21,female,secondary school,city,no,block of flats,165,50,1,3,2,1,3,1,4,3,2,5,5,3
5,3,5,3,4,2,4,5,5,1,3,5,3,5,3,5,5,20,female,secondary school,city,no,block of flats,175,67,1,5,1,1,3,2,1,1,3,5,3,4
5,4,4,4,3,2,3,5,3,2,5,2,2,1,3,3,2,23,female,college/bachelor degree,city,no,block of flats,163,59,3,2,2,1,5,2,2,5,3,5,4,4
5,3,3,2,2,1,1,5,2,1,5,1,4,5,3,4,1,19,female,secondary school,city,yes,block of flats,155,50,0,3,1,1,1,1,1,1,1,5,3,5
5,3,2,4,1,2,1,4,2,2,3,5,4,2,2,3,2,22,male,secondary school,city,no,block of flats,183,70,1,3,2,2,2,2,3,3,2,5,4,4
5,3,5,3,4,1,3,5,5,4,5,4,4,5,3,4,4,19,female,secondary school,city,no,house/bungalow,163,56,1,5,1,1,1,1,1,2,1,5,2,3
5,3,4,3,4,4,3,5,5,3,5,3,4,2,1,2,2,19,female,secondary school,city,yes,block of flats,153,44,0,4,2,2,5,3,2,2,3,5,5,4
5,3,3,2,5,3,3,5,5,2,5,3,3,5,2,3,2,18,female,primary school,city,no,block of flats,165,45,5,3,2,1,2,3,2,3,2,5,3,2
5,3,4,3,2,2,2,3,4,4,4,5,4,3,3,4,3,18,male,secondary school,city,no,house/bungalow,178,80,2,4,2,2,1,3,4,3,3,5,4,4
5,3,5,3,4,3,4,5,4,3,4,3,5,3,5,4,4,20,female,secondary school,city,no,block of flats,155,45,1,4,2,2,1,3,2,1,2,5,1,1
5,3,3,4,1,3,1,4,4,4,4,2,3,4,4,4,4,17,female,secondary school,city,no,house/bungalow,170,50,3,2,2,3,5,4,2,3,2,5,3,4
4,3,4,3,2,3,3,4,4,3,3,4,2,4,2,1,3,21,female,secondary school,city,yes,block of flats,171,66,0,2,3,2,3,1,4,4,2,4,2,3
5,3,5,5,4,5,2,5,5,4,5,5,5,2,4,2,3,18,female,primary school,village,yes,house/bungalow,167,62,4,4,1,1,5,4,4,5,5,5,1,3
5,3,4,5,4,1,5,4,2,5,4,5,1,5,2,5,3,19,female,secondary school,city,yes,house/bungalow,166,63,0,2,5,1,5,1,2,4,3,5,1,5
5,4,5,4,2,3,2,5,4,5,5,5,3,4,3,4,2,19,female,secondary school,village,no,house/bungalow,162,47,1,3,3,2,4,3,1,1,3,5,4,4
5,3,3,3,4,1,1,3,4,3,4,3,3,3,3,3,3,16,female,secondary school,village,yes,house/bungalow,180,55,1,3,1,1,2,1,3,2,1,4,2,2
5,2,4,5,1,4,4,5,4,5,5,4,5,4,1,1,1,19,male,secondary school,city,yes,block of flats,179,60,1,3,3,3,4,3,3,3,2,4,2,3
5,3,5,4,4,5,1,4,4,4,5,4,4,5,4,3,1,20,female,secondary school,city,no,block of flats,165,57,1,3,1,3,3,3,1,4,1,5,1,4
5,3,2,5,1,3,1,5,1,3,3,5,3,3,3,3,3,19,female,secondary school,city,no,block of flats,166,51,1,2,1,2,1,1,5,5,1,4,1,4
5,4,2,2,5,2,2,5,4,4,2,5,3,2,3,3,3,20,male,secondary school,city,no,block of flats,175,65,5,2,1,1,1,2,1,1,1,4,4,4
4,3,4,3,2,3,1,4,3,2,5,4,2,1,2,3,3,24,female,masters degree,city,no,block of flats,176,48,1,3,2,3,4,4,2,4,2,4,5,4
5,3,5,3,5,4,4,5,4,4,4,4,5,4,2,3,4,20,male,secondary school,village,no,house/bungalow,172,75,3,4,4,1,3,4,1,1,3,5,5,4
5,2,2,1,1,3,1,4,4,1,4,1,5,4,2,3,1,21,female,secondary school,village,no,house/bungalow,167,56,1,3,4,4,5,3,1,1,3,3,3,4
5,5,1,1,1,5,1,5,5,1,5,1,1,5,5,5,1,19,female,college/bachelor degree,city,no,house/bungalow,170,55,1,1,1,1,5,5,1,1,5,5,5,1
5,3,2,5,1,3,2,5,1,5,5,5,4,2,2,2,3,18,male,primary school,city,no,block of flats,187,71,1,2,2,2,3,2,5,5,3,5,4,4
5,3,4,5,2,2,1,5,4,4,5,5,2,3,4,1,3,19,male,college/bachelor degree,village,no,block of flats,180,70,2,2,1,2,3,2,4,3,1,5,3,4
5,3,3,4,4,2,1,5,5,4,5,4,1,5,5,5,5,22,male,masters degree,city,no,block of flats,187,82,1,5,1,4,5,5,2,1,5,5,5,4
5,4,2,5,1,2,3,4,2,4,4,4,4,4,4,3,2,18,male,secondary school,city,no,block of flats,177,60,1,2,4,3,4,2,4,4,2,4,2,2
5,3,3,5,1,3,2,5,5,5,4,4,3,3,2,2,4,19,female,secondary school,city,yes,block of flats,178,88,0,3,3,3,3,4,2,4,2,5,3,4
5,3,2,5,1,1,1,5,3,4,5,1,4,2,2,2,4,20,female,secondary school,city,no,block of flats,175,120,2,2,5,5,4,5,5,5,3,4,5,3
5,3,2,5,1,2,2,5,4,4,3,4,3,1,4,1,1,21,female,secondary school,city,yes,block of flats,183,73,0,1,2,2,2,2,5,5,1,5,3,4
5,3,5,5,3,5,2,5,5,3,5,4,4,4,3,4,3,19,female,secondary school,city,yes,block of flats,172,62,1,4,2,3,3,5,2,2,3,5,1,3
5,4,4,4,4,2,4,4,4,3,2,2,2,4,4,3,2,19,male,secondary school,village,no,house/bungalow,183,83,1,4,2,2,1,1,3,2,1,5,4,5
5,2,4,5,2,3,1,5,3,3,5,4,2,3,2,2,3,21,female,college/bachelor degree,city,no,house/bungalow,165,60,2,2,1,2,2,1,5,3,2,5,2,3
5,3,5,5,3,4,2,5,4,3,5,5,3,4,3,4,5,19,male,secondary school,city,yes,block of flats,194,90,0,4,2,2,4,4,1,1,3,5,2,3
5,4,3,4,1,2,1,4,3,5,4,3,5,4,3,2,2,19,female,secondary school,village,no,house/bungalow,168,57,1,1,2,4,5,5,1,1,2,5,5,5
5,4,2,4,2,1,1,4,1,4,3,3,2,5,4,4,3,18,male,secondary school,city,no,house/bungalow,178,70,2,2,1,1,3,2,3,2,2,4,1,1
5,2,4,5,1,2,1,4,5,2,5,2,5,3,4,3,3,20,female,secondary school,city,no,block of flats,167,53,1,1,3,2,4,2,3,3,2,5,3,4
4,3,2,4,3,2,4,3,3,2,3,1,1,1,3,1,1,19,female,secondary school,city,no,house/bungalow,161,60,3,2,5,3,5,2,2,4,4,4,1,1
5,5,5,5,5,5,5,5,5,1,3,3,3,3,3,3,1,30,female,masters degree,village,no,house/bungalow,168,54,2,3,2,2,4,5,5,1,3,3,1,1
5,4,3,4,1,2,1,5,2,3,2,4,1,2,4,3,4,29,male,secondary school,city,no,block of flats,180,93,1,2,1,1,2,2,4,1,2,5,2,4
5,5,1,5,5,1,2,4,1,4,1,5,3,2,1,2,3,21,male,secondary school,city,yes,house/bungalow,172,80,0,2,1,1,1,1,5,4,1,5,4,5
4,4,3,4,2,2,5,4,3,5,4,4,1,1,5,1,1,30,male,masters degree,city,no,block of flats,200,150,1,4,1,4,4,1,4,3,2,4,4,4
5,4,1,4,3,2,5,4,3,5,3,4,4,3,3,2,2,18,female,secondary school,city,yes,block of flats,163,53,0,2,1,1,1,2,4,3,1,5,4,5
5,4,3,5,3,3,5,5,3,5,5,5,4,2,4,3,2,28,male,masters degree,city,no,block of flats,192,105,1,4,3,1,3,2,5,4,2,5,4,5
5,3,4,3,5,3,3,5,5,2,5,2,1,5,3,5,4,16,female,primary school,city,no,block of flats,153,62,1,3,3,2,3,3,1,1,1,5,5,5
5,5,4,3,4,2,3,5,4,1,3,3,2,5,3,5,2,18,female,primary school,city,no,block of flats,160,63,2,5,1,2,1,4,2,4,1,3,4,3
4,3,4,5,2,4,4,5,4,4,3,4,3,2,3,3,4,20,female,secondary school,city,no,house/bungalow,172,63,1,4,3,2,2,3,2,3,2,5,4,4
5,3,3,3,5,2,5,5,3,4,5,3,4,3,4,4,4,22,male,secondary school,city,no,block of flats,175,60,1,4,1,2,3,2,4,3,3,5,4,4
5,2,4,4,4,3,3,4,5,4,5,4,3,5,3,4,3,20,female,secondary school,city,no,house/bungalow,164,57,1,5,2,2,5,4,3,2,2,5,2,3
4,3,3,4,3,1,1,3,5,2,4,3,1,2,2,2,2,18,female,secondary school,city,yes,block of flats,173,75,0,1,1,2,2,2,1,2,1,4,5,5
5,3,3,4,2,2,2,5,3,1,5,4,3,2,5,3,3,25,female,college/bachelor degree,city,no,block of flats,173,58,1,3,3,1,3,1,1,1,1,5,3,4
5,5,4,1,3,2,3,5,2,3,2,4,5,4,3,1,1,21,male,secondary school,village,no,house/bungalow,185,72,1,4,3,2,3,3,1,2,1,5,2,3